login,full_name,created_at,stargazers_count,watchers_count,language,has_projects,has_wiki,license_name
yyx990803,yyx990803/3d-sphere-vue,2019-12-01T21:07:45Z,10,10,,TRUE,TRUE,No License
yyx990803,yyx990803/angular.js,2013-08-15T19:03:09Z,8,8,JavaScript,TRUE,TRUE,mit
yyx990803,yyx990803/awesome,2016-01-26T15:54:15Z,16,16,,TRUE,FALSE,No License
yyx990803,yyx990803/babel,2016-06-17T04:10:34Z,15,15,JavaScript,TRUE,TRUE,mit
yyx990803,yyx990803/babel-loader,2017-07-24T11:57:15Z,6,6,JavaScript,TRUE,FALSE,mit
yyx990803,yyx990803/babel-plugin-coverage,2016-05-17T16:27:38Z,18,18,JavaScript,TRUE,TRUE,No License
yyx990803,yyx990803/babel-plugin-transform-es2015-classes-simple,2016-05-08T04:10:22Z,7,7,JavaScript,TRUE,TRUE,No License
yyx990803,yyx990803/babel-preset-es2015-rollup-vue,2016-04-19T02:28:28Z,3,3,JavaScript,TRUE,TRUE,No License
yyx990803,yyx990803/babel-preset-flow-vue,2016-05-12T17:45:31Z,18,18,JavaScript,TRUE,TRUE,No License
yyx990803,yyx990803/babel-snabbdom-jsx,2016-06-17T03:56:02Z,2,2,JavaScript,TRUE,TRUE,other
yyx990803,yyx990803/benchmark,2016-07-07T16:09:51Z,3,3,JavaScript,TRUE,TRUE,No License
yyx990803,yyx990803/blaze-local-state,2015-03-25T14:09:15Z,4,4,JavaScript,TRUE,TRUE,No License
yyx990803,yyx990803/brooklynjs.github.io,2013-11-15T19:24:56Z,4,4,JavaScript,TRUE,FALSE,bsd-2-clause
yyx990803,yyx990803/browser-audio,2014-10-22T22:36:08Z,20,20,JavaScript,TRUE,TRUE,No License
yyx990803,yyx990803/buble,2016-11-11T15:36:12Z,55,55,JavaScript,TRUE,TRUE,mit
yyx990803,yyx990803/buble-loader,2016-04-19T06:55:07Z,2,2,JavaScript,TRUE,TRUE,No License
yyx990803,yyx990803/build-your-own-mint,2019-01-05T21:03:59Z,2481,2481,HTML,TRUE,FALSE,mit
yyx990803,yyx990803/capper,2013-10-24T21:30:51Z,13,13,JavaScript,TRUE,TRUE,No License
yyx990803,yyx990803/casperjs,2013-10-28T21:21:45Z,3,3,JavaScript,TRUE,TRUE,mit
yyx990803,yyx990803/choreo.js,2013-02-09T04:40:04Z,5,5,JavaScript,TRUE,TRUE,No License
yyx990803,yyx990803/circular-json-es6,2016-03-04T20:43:38Z,129,129,JavaScript,TRUE,TRUE,mit
yyx990803,yyx990803/cjs-module-lexer-rollup-reexports,2021-03-01T15:07:52Z,26,26,JavaScript,TRUE,TRUE,No License
yyx990803,yyx990803/classList.js,2016-05-26T23:02:42Z,2,2,JavaScript,TRUE,TRUE,unlicense
yyx990803,yyx990803/core,2024-08-16T12:34:16Z,9,9,,TRUE,FALSE,mit
yyx990803,yyx990803/create-react-app,2018-01-06T16:22:13Z,10,10,JavaScript,TRUE,FALSE,mit
yyx990803,yyx990803/creative-html5,2013-01-18T18:25:39Z,48,48,JavaScript,TRUE,TRUE,No License
yyx990803,yyx990803/css-in-readme-like-wat,2020-12-09T00:03:37Z,6,6,,TRUE,FALSE,No License
yyx990803,yyx990803/cypress-realworld-app,2021-01-23T05:58:13Z,7,7,TypeScript,TRUE,FALSE,mit
yyx990803,yyx990803/de-indent,2016-01-04T19:37:29Z,10,10,JavaScript,TRUE,TRUE,No License
yyx990803,yyx990803/dear-github,2016-01-15T02:04:34Z,3,3,,TRUE,TRUE,No License
halfrost,halfrost/2017_ele_hackathon_tank,2017-11-29T14:16:19Z,15,15,Go,TRUE,TRUE,mit
halfrost,halfrost/Analyze,2017-06-17T17:28:51Z,46,46,Objective-C,TRUE,TRUE,No License
halfrost,halfrost/articles,2017-06-15T00:14:16Z,1,1,Objective-C,TRUE,TRUE,No License
halfrost,halfrost/astrolabes,2018-08-26T03:43:30Z,6,6,Emacs Lisp,TRUE,TRUE,No License
halfrost,halfrost/awesome-rl,2018-03-08T04:11:38Z,9,9,,TRUE,TRUE,No License
halfrost,halfrost/BachGPT,2023-11-16T08:49:40Z,3,3,Jupyter Notebook,TRUE,TRUE,mit
halfrost,halfrost/CS-APP3e,2021-04-27T00:09:17Z,35,35,C,TRUE,TRUE,mit
halfrost,halfrost/docker_practice,2017-12-08T06:42:00Z,19,19,Python,TRUE,TRUE,No License
halfrost,halfrost/halfrost,2020-07-11T14:14:27Z,145,145,Go,TRUE,TRUE,No License
halfrost,halfrost/Halfrost-Field,2017-04-02T11:24:18Z,12922,12922,Go,TRUE,TRUE,cc-by-sa-4.0
halfrost,halfrost/halfrost.github.io,2016-06-18T09:29:53Z,22,22,Vim script,TRUE,TRUE,No License
halfrost,halfrost/karmada,2022-06-13T18:57:35Z,2,2,Go,TRUE,TRUE,apache-2.0
halfrost,halfrost/kubeedge,2022-03-19T09:29:28Z,2,2,,TRUE,TRUE,apache-2.0
halfrost,halfrost/kubeflow,2023-12-23T17:26:11Z,0,0,,TRUE,TRUE,apache-2.0
halfrost,halfrost/langchain,2024-06-20T17:02:08Z,1,1,Jupyter Notebook,TRUE,TRUE,mit
halfrost,halfrost/Learn-Algorithms,2017-08-09T12:35:00Z,490,490,C,TRUE,TRUE,No License
halfrost,halfrost/LeetCode-Go,2017-07-18T00:06:14Z,32922,32922,Go,TRUE,TRUE,mit
halfrost,halfrost/Poseidon,2020-09-11T04:30:24Z,0,0,Haskell,TRUE,TRUE,mit
halfrost,halfrost/Prometheus,2018-06-22T11:04:37Z,123,123,CSS,TRUE,TRUE,mit
halfrost,halfrost/Pseudo-Delta-Neutral,2022-07-01T19:43:30Z,0,0,Rust,TRUE,TRUE,wtfpl
halfrost,halfrost/resume,2020-10-11T13:45:30Z,48,48,HTML,TRUE,TRUE,mit
halfrost,halfrost/rust-learning,2020-07-27T01:05:41Z,30,30,Rust,TRUE,TRUE,No License
halfrost,halfrost/S2,2017-10-23T07:28:03Z,21,21,Go,TRUE,TRUE,apache-2.0
halfrost,halfrost/sentinel-go-ebpf-plugin,2022-10-26T15:56:49Z,0,0,Go,TRUE,TRUE,apache-2.0
halfrost,halfrost/sentinel-go-envoy-proxy-wasm,2022-07-07T22:57:13Z,7,7,Go,TRUE,TRUE,apache-2.0
halfrost,halfrost/sentinel-go-proxy-wasm-extension,2022-10-26T16:11:23Z,0,0,Go,TRUE,TRUE,apache-2.0
halfrost,halfrost/starter-book,2020-11-12T03:01:36Z,4,4,HTML,TRUE,TRUE,mit
halfrost,halfrost/The-Golang-Standard-Library-by-Example,2017-09-05T09:15:21Z,44,44,Go,TRUE,TRUE,No License
halfrost,halfrost/threes-ai,2017-12-11T12:32:50Z,152,152,Go,TRUE,TRUE,gpl-3.0
halfrost,halfrost/vue-objccn,2017-06-18T08:23:38Z,1997,1997,Vue,TRUE,TRUE,gpl-3.0
DIYgod,DIYgod/1password-teams-open-source,2021-01-12T16:23:40Z,3,3,,TRUE,TRUE,No License
DIYgod,DIYgod/ama,2015-07-09T02:13:35Z,1,1,,TRUE,FALSE,No License
DIYgod,DIYgod/amas,2015-07-09T02:00:36Z,1,1,,TRUE,FALSE,No License
DIYgod,DIYgod/Amativeness,2014-11-21T04:45:21Z,192,192,JavaScript,TRUE,TRUE,No License
DIYgod,DIYgod/angular-city-select,2016-04-20T08:32:19Z,1,1,HTML,TRUE,TRUE,No License
DIYgod,DIYgod/AnuPpuccin,2023-04-21T18:33:19Z,2,2,CSS,TRUE,TRUE,gpl-3.0
DIYgod,DIYgod/APlayer,2015-11-14T13:13:46Z,7290,7290,JavaScript,TRUE,TRUE,mit
DIYgod,DIYgod/ASpace,2015-12-28T13:02:10Z,6,6,JavaScript,TRUE,TRUE,No License
DIYgod,DIYgod/awesome-DIYgod,2016-03-04T19:01:14Z,13,13,CSS,TRUE,TRUE,No License
DIYgod,DIYgod/awesome-memobird,2017-07-03T15:33:47Z,81,81,,TRUE,TRUE,No License
DIYgod,DIYgod/Awesome-TTRSS,2019-12-07T16:41:29Z,12,12,,TRUE,FALSE,mit
DIYgod,DIYgod/BaiduLocation,2016-12-09T11:42:27Z,85,85,JavaScript,TRUE,TRUE,No License
DIYgod,DIYgod/bilibili2RSS,2017-10-15T18:21:09Z,107,107,JavaScript,TRUE,TRUE,No License
DIYgod,DIYgod/Clear,2015-02-11T16:21:14Z,3,3,CSS,TRUE,TRUE,No License
DIYgod,DIYgod/Compiler,2015-02-01T14:04:41Z,23,23,C,TRUE,TRUE,No License
DIYgod,DIYgod/CourseCompiler,2014-11-09T08:35:42Z,9,9,C,TRUE,TRUE,No License
DIYgod,DIYgod/danmaku,2019-08-20T07:18:21Z,5,5,HTML,TRUE,TRUE,other
DIYgod,DIYgod/Demeter,2015-11-23T06:51:18Z,3,3,,TRUE,TRUE,No License
DIYgod,DIYgod/demo,2017-06-07T10:17:21Z,2,2,JavaScript,TRUE,TRUE,No License
DIYgod,DIYgod/diary,2015-11-23T14:42:22Z,0,0,JavaScript,TRUE,TRUE,No License
DIYgod,DIYgod/DiningPhilosophersProblem,2014-12-01T14:51:58Z,15,15,Java,TRUE,TRUE,No License
DIYgod,DIYgod/DisqusJS,2018-10-16T07:48:55Z,7,7,JavaScript,TRUE,TRUE,gpl-3.0
DIYgod,DIYgod/DIYgod,2020-11-18T08:23:58Z,17,17,,TRUE,TRUE,No License
DIYgod,DIYgod/DIYgod-Obsidian-Starter,2022-07-12T14:42:42Z,171,171,JavaScript,TRUE,TRUE,No License
DIYgod,DIYgod/diygod.github.io,2015-03-30T12:10:26Z,3,3,JavaScript,TRUE,TRUE,No License
DIYgod,DIYgod/diygod.me,2017-11-20T03:37:54Z,163,163,JavaScript,TRUE,FALSE,No License
DIYgod,DIYgod/dns.js.org,2018-04-11T14:48:35Z,0,0,JavaScript,TRUE,TRUE,No License
DIYgod,DIYgod/Do-you-like-me,2015-09-12T17:55:11Z,56,56,JavaScript,TRUE,TRUE,No License
DIYgod,DIYgod/docsearch-configs,2019-07-25T03:13:27Z,5,5,,TRUE,TRUE,mit
DIYgod,DIYgod/download-webhook,2019-05-31T10:48:10Z,207,207,JavaScript,TRUE,TRUE,No License
yangshun,yangshun/2048-python,2014-03-20T11:42:51Z,320,320,Python,TRUE,TRUE,mit
yangshun,yangshun/3216-final-project,2014-05-19T19:20:49Z,2,2,CSS,TRUE,TRUE,No License
yangshun,yangshun/autocompaste-html,2015-06-07T18:21:45Z,6,6,JavaScript,TRUE,TRUE,No License
yangshun,yangshun/awesome-spinners,2016-01-18T14:43:52Z,1365,1365,JavaScript,TRUE,TRUE,No License
yangshun,yangshun/bootstrap-theme-playground,2017-05-03T16:09:03Z,3,3,HTML,TRUE,TRUE,mit
yangshun,yangshun/builder-news,2014-09-22T01:33:55Z,1,1,CSS,TRUE,TRUE,mit
yangshun,yangshun/capulator,2013-07-30T09:33:06Z,2,2,JavaScript,TRUE,TRUE,mit
yangshun,yangshun/challenge,2016-06-03T15:19:30Z,2,2,JavaScript,TRUE,TRUE,No License
yangshun,yangshun/codecombat-webrtc,2014-03-20T20:05:31Z,1,1,JavaScript,TRUE,TRUE,mit
yangshun,yangshun/codehike,2023-03-11T07:08:45Z,1,1,,TRUE,FALSE,mit
yangshun,yangshun/commitbait,2016-02-02T14:20:13Z,19,19,JavaScript,TRUE,TRUE,No License
yangshun,yangshun/coursemology-badges,2016-02-10T15:49:47Z,2,2,HTML,TRUE,TRUE,mit
yangshun,yangshun/create-t3-app,2023-06-25T01:42:37Z,1,1,,TRUE,FALSE,mit
yangshun,yangshun/cs1010s,2013-05-17T23:15:15Z,1,1,JavaScript,TRUE,TRUE,No License
yangshun,yangshun/cs1010s-resources,2014-08-25T15:15:46Z,6,6,Python,TRUE,TRUE,No License
yangshun,yangshun/cs2010-problem-sets,2015-08-20T02:31:06Z,2,2,Java,TRUE,TRUE,No License
yangshun,yangshun/cs2105,2015-03-13T03:18:07Z,3,3,Java,TRUE,TRUE,No License
yangshun,yangshun/cs2106,2015-02-15T07:44:38Z,1,1,HTML,TRUE,TRUE,No License
yangshun,yangshun/cs3216,2013-08-11T13:10:24Z,1,1,CSS,TRUE,TRUE,mit
yangshun,yangshun/cs3216-final-project,2014-05-19T19:22:06Z,1,1,CSS,TRUE,TRUE,No License
yangshun,yangshun/cs3216-js-workshop,2014-08-20T08:27:11Z,2,2,CSS,TRUE,TRUE,mit
yangshun,yangshun/cs3217-problem-sets,2014-03-01T13:01:17Z,3,3,Objective-C,TRUE,TRUE,No License
yangshun,yangshun/cs3217-problem-sets-writeup,2015-12-08T10:47:23Z,1,1,Objective-C,TRUE,TRUE,No License
yangshun,yangshun/cs3218-final-project,2014-03-13T08:39:31Z,1,1,C,TRUE,TRUE,mit
yangshun,yangshun/cs3230,2015-01-20T06:56:54Z,2,2,C++,TRUE,TRUE,mit
yangshun,yangshun/cs4243-labs,2014-08-21T13:02:06Z,2,2,Python,TRUE,TRUE,No License
yangshun,yangshun/cs4243-project,2014-10-20T10:48:22Z,2,2,Python,TRUE,TRUE,mit
yangshun,yangshun/cs4249-assgs,2014-09-05T16:45:57Z,0,0,JavaScript,TRUE,TRUE,mit
yangshun,yangshun/cs4344,2015-02-14T06:06:44Z,1,1,JavaScript,TRUE,TRUE,other
yangshun,yangshun/defog-docs,2023-06-06T04:57:21Z,0,0,,TRUE,TRUE,No License
bytedance,bytedance/1d-tokenizer,2024-06-21T16:27:11Z,437,437,Jupyter Notebook,TRUE,FALSE,apache-2.0
bytedance,bytedance/a11y-cloud,2024-08-20T11:27:37Z,7,7,JavaScript,TRUE,FALSE,apache-2.0
bytedance,bytedance/AabResGuard,2019-11-25T08:28:51Z,1329,1329,Java,TRUE,TRUE,apache-2.0
bytedance,bytedance/ABQ-LLM,2024-08-23T10:55:28Z,216,216,C++,TRUE,FALSE,apache-2.0
bytedance,bytedance/adandv,2024-07-29T06:33:51Z,0,0,Python,TRUE,FALSE,mit
bytedance,bytedance/Ads-Mediation,2021-11-01T06:37:06Z,0,0,,TRUE,TRUE,mit
bytedance,bytedance/AdsGlobalPackage,2021-08-26T08:23:27Z,1,1,Swift,TRUE,TRUE,mit
bytedance,bytedance/AffineQuant,2024-03-19T07:53:45Z,18,18,Python,TRUE,TRUE,apache-2.0
bytedance,bytedance/AIPO,2024-09-09T00:56:25Z,6,6,Python,TRUE,FALSE,mit
bytedance,bytedance/AlphaPlayer,2020-08-06T09:39:14Z,2199,2199,Java,TRUE,TRUE,apache-2.0
bytedance,bytedance/android-inline-hook,2022-02-10T03:43:15Z,1681,1681,C,FALSE,FALSE,mit
bytedance,bytedance/Android-Pangle-Manuel-Quick-Start,2020-12-25T07:03:31Z,0,0,,TRUE,TRUE,No License
bytedance,bytedance/appshark,2022-09-01T03:39:03Z,1512,1512,Kotlin,TRUE,TRUE,apache-2.0
bytedance,bytedance/arishem,2023-04-12T04:12:01Z,265,265,Go,TRUE,TRUE,apache-2.0
bytedance,bytedance/atop,2019-05-16T01:32:05Z,94,94,C,TRUE,TRUE,gpl-2.0
bytedance,bytedance/AvatarVerse,2024-01-03T12:16:39Z,52,52,Python,TRUE,FALSE,apache-2.0
bytedance,bytedance/AWERTL,2019-10-08T03:01:44Z,175,175,Objective-C,TRUE,TRUE,mit
bytedance,bytedance/bamboo,2024-04-22T12:30:10Z,30,30,Python,TRUE,FALSE,gpl-2.0
bytedance,bytedance/batchRun,2023-01-15T01:38:28Z,13,13,Python,TRUE,TRUE,gpl-2.0
bytedance,bytedance/bcc,2020-08-21T09:51:38Z,6,6,C,TRUE,TRUE,apache-2.0
bytedance,bytedance/bdmpg123,2022-10-31T07:21:01Z,0,0,C,TRUE,TRUE,lgpl-2.1
bytedance,bytedance/BEE,2022-08-19T05:32:56Z,21,21,Python,TRUE,TRUE,apache-2.0
bytedance,bytedance/bhook,2021-08-11T05:49:25Z,2083,2083,C,FALSE,FALSE,mit
bytedance,bytedance/bifrost,2020-12-03T12:36:25Z,0,0,,TRUE,TRUE,No License
bytedance,bytedance/bitsail,2022-09-29T08:39:36Z,1624,1624,Java,TRUE,TRUE,apache-2.0
bytedance,bytedance/BlockFramework,2024-10-09T14:26:10Z,11,11,Kotlin,TRUE,FALSE,apache-2.0
bytedance,bytedance/bolt-parquet-reader,2024-03-15T09:01:33Z,8,8,Rust,TRUE,FALSE,apache-2.0
bytedance,bytedance/BoostMultiDex,2020-05-25T06:45:42Z,1163,1163,Java,TRUE,TRUE,apache-2.0
bytedance,bytedance/bosun,2015-08-04T05:52:52Z,5,5,Go,TRUE,FALSE,mit
bytedance,bytedance/btrace,2021-12-17T12:01:54Z,1916,1916,Kotlin,TRUE,TRUE,other
Jinjiang,Jinjiang/bit,2023-05-29T16:45:57Z,0,0,,TRUE,FALSE,other
Jinjiang,Jinjiang/code-review-front-end,2014-07-07T03:08:32Z,39,39,,TRUE,TRUE,No License
Jinjiang,Jinjiang/css-will-change,2014-10-12T03:51:21Z,0,0,CSS,TRUE,TRUE,No License
Jinjiang,Jinjiang/da-huang-qing-ke,2012-01-17T14:01:34Z,0,0,,TRUE,TRUE,No License
Jinjiang,Jinjiang/dabao,2017-07-07T09:06:45Z,0,0,JavaScript,TRUE,TRUE,mit
Jinjiang,Jinjiang/docs,2022-07-13T11:04:40Z,0,0,Vue,TRUE,TRUE,mit
Jinjiang,Jinjiang/envs-health-status,2023-09-28T05:48:39Z,0,0,,TRUE,TRUE,apache-2.0
Jinjiang,Jinjiang/grunt-combo-html-css-js,2014-06-21T15:25:42Z,5,5,JavaScript,TRUE,TRUE,mit
Jinjiang,Jinjiang/h5slides,2011-06-24T16:29:08Z,858,858,JavaScript,TRUE,TRUE,lgpl-3.0
Jinjiang,Jinjiang/hexo-deployer-git,2017-02-26T06:24:38Z,0,0,JavaScript,TRUE,TRUE,mit
Jinjiang,Jinjiang/html5-player-20110610,2011-05-16T08:04:49Z,8,8,JavaScript,TRUE,TRUE,No License
Jinjiang,Jinjiang/html5-slides-20110512,2011-05-12T18:15:40Z,14,14,JavaScript,TRUE,TRUE,No License
Jinjiang,Jinjiang/jie,2014-11-20T18:12:18Z,6,6,,TRUE,TRUE,No License
Jinjiang,Jinjiang/jie-breadcrumb,2014-11-22T17:00:46Z,0,0,,TRUE,TRUE,No License
Jinjiang,Jinjiang/jie-btn,2014-11-18T20:12:37Z,1,1,,TRUE,TRUE,No License
Jinjiang,Jinjiang/jie-btn-group,2014-11-20T14:02:37Z,0,0,,TRUE,TRUE,No License
Jinjiang,Jinjiang/jie-countdown,2014-12-01T17:23:29Z,0,0,,TRUE,TRUE,No License
Jinjiang,Jinjiang/jie-dialog,2014-11-11T20:32:41Z,3,3,,TRUE,TRUE,No License
Jinjiang,Jinjiang/jie-dock,2014-12-03T22:00:48Z,1,1,,TRUE,TRUE,No License
Jinjiang,Jinjiang/jie-dropdown,2014-11-19T20:06:03Z,0,0,,TRUE,TRUE,No License
Jinjiang,Jinjiang/jie-icon,2014-11-17T18:04:36Z,1,1,,TRUE,TRUE,No License
Jinjiang,Jinjiang/jie-input,2014-12-01T14:58:15Z,0,0,,TRUE,TRUE,No License
Jinjiang,Jinjiang/jie-loader,2014-12-03T19:25:39Z,0,0,,TRUE,TRUE,No License
Jinjiang,Jinjiang/jie-mask,2014-11-19T19:18:51Z,0,0,,TRUE,TRUE,No License
Jinjiang,Jinjiang/jie-menu,2014-11-19T18:27:52Z,0,0,,TRUE,TRUE,No License
Jinjiang,Jinjiang/jie-nav,2014-11-22T14:15:15Z,0,0,,TRUE,TRUE,No License
Jinjiang,Jinjiang/jie-pagination,2014-11-20T20:13:01Z,0,0,,TRUE,TRUE,No License
Jinjiang,Jinjiang/jie-panel,2014-11-22T17:58:21Z,0,0,,TRUE,TRUE,No License
Jinjiang,Jinjiang/jie-progress,2014-12-03T23:42:08Z,2,2,,TRUE,TRUE,No License
Jinjiang,Jinjiang/jie-rmb,2014-12-01T14:59:00Z,0,0,,TRUE,TRUE,No License
phith0n,phith0n/accelerator,2022-07-20T02:08:22Z,0,0,,TRUE,TRUE,mit
phith0n,phith0n/arbitrary-php-extension,2018-10-21T16:07:28Z,199,199,C,TRUE,TRUE,mit
phith0n,phith0n/asp_mssql_tool,2014-07-21T08:10:52Z,4,4,ASP,TRUE,TRUE,No License
phith0n,phith0n/b374k,2016-02-15T18:09:27Z,78,78,PHP,TRUE,TRUE,mit
phith0n,phith0n/baota,2020-08-26T03:51:59Z,1,1,,TRUE,TRUE,No License
phith0n,phith0n/beautifyjs,2021-05-03T14:57:55Z,28,28,JavaScript,TRUE,TRUE,No License
phith0n,phith0n/BurpUnlimited,2017-12-03T08:02:09Z,1,1,Java,TRUE,TRUE,No License
phith0n,phith0n/bytecode-viewer,2021-04-14T02:27:14Z,15,15,Java,TRUE,TRUE,gpl-3.0
phith0n,phith0n/chunked-coding-converter,2019-03-15T13:55:48Z,5,5,Java,TRUE,TRUE,mit
phith0n,phith0n/cloudflare-ddns-client,2019-05-20T03:02:21Z,1,1,Python,TRUE,TRUE,mit
phith0n,phith0n/code-breaking,2019-02-03T12:58:46Z,273,273,JavaScript,TRUE,TRUE,No License
phith0n,phith0n/collision-webshell,2022-04-25T13:03:46Z,188,188,,TRUE,TRUE,No License
phith0n,phith0n/conote,2024-08-11T18:30:09Z,10,10,JavaScript,TRUE,TRUE,apache-2.0
phith0n,phith0n/conote-docs,2024-10-01T02:03:22Z,1,1,HTML,TRUE,TRUE,No License
phith0n,phith0n/crx-transit,2018-01-25T04:57:45Z,2,2,JavaScript,TRUE,TRUE,bsd-3-clause
phith0n,phith0n/ctfdbbuilder,2018-05-24T08:21:58Z,32,32,PHP,TRUE,TRUE,No License
phith0n,phith0n/django-bootstrap3-datetimepicker,2017-04-07T09:30:10Z,1,1,Python,TRUE,TRUE,apache-2.0
phith0n,phith0n/django-bootstrap5,2022-06-16T20:06:50Z,0,0,,TRUE,TRUE,bsd-3-clause
phith0n,phith0n/django-cookiecutter,2020-09-23T13:10:02Z,1,1,Python,TRUE,TRUE,No License
phith0n,phith0n/django-oauth-toolkit,2022-06-23T10:17:38Z,0,0,,TRUE,FALSE,other
phith0n,phith0n/django-oss-storage,2022-02-01T21:13:59Z,1,1,Python,TRUE,TRUE,mit
phith0n,phith0n/embedded_django,2017-09-07T16:46:58Z,9,9,Python,TRUE,TRUE,No License
phith0n,phith0n/fbi_installer,2022-11-19T23:20:33Z,15,15,Go,TRUE,TRUE,No License
phith0n,phith0n/gin,2022-12-24T19:46:06Z,0,0,,TRUE,FALSE,mit
phith0n,phith0n/gin-cookiecutter,2022-11-05T18:32:46Z,1,1,Go,TRUE,TRUE,No License
phith0n,phith0n/git-skill,2015-01-11T06:23:40Z,1,1,,TRUE,TRUE,No License
phith0n,phith0n/go-duktape,2019-07-29T10:32:16Z,1,1,Go,TRUE,TRUE,mit
phith0n,phith0n/goattribute,2023-05-03T18:42:11Z,6,6,Go,TRUE,TRUE,mit
phith0n,phith0n/go_sampler,2023-11-24T10:06:01Z,5,5,Go,TRUE,TRUE,No License
phith0n,phith0n/hyperapp-startup,2017-10-14T19:30:59Z,4,4,JavaScript,TRUE,TRUE,No License
cloudflare,cloudflare/.github,2019-03-12T15:41:24Z,18,18,,FALSE,FALSE,No License
cloudflare,cloudflare/a11y-focus-scope,2015-11-04T01:27:03Z,35,35,JavaScript,FALSE,TRUE,bsd-3-clause
cloudflare,cloudflare/a11y-focus-store,2015-11-04T06:01:21Z,25,25,JavaScript,FALSE,TRUE,bsd-3-clause
cloudflare,cloudflare/access-crl-worker-template,2020-02-20T18:16:34Z,12,12,JavaScript,FALSE,TRUE,apache-2.0
cloudflare,cloudflare/advisories,2021-01-19T22:39:36Z,4,4,Python,FALSE,FALSE,No License
cloudflare,cloudflare/ahocorasick,2013-11-22T17:36:03Z,595,595,Go,FALSE,TRUE,bsd-3-clause
cloudflare,cloudflare/ai-utils,2024-06-27T12:49:08Z,122,122,TypeScript,TRUE,TRUE,other
cloudflare,cloudflare/alertmanager2es,2017-04-13T13:17:34Z,244,244,Go,FALSE,FALSE,apache-2.0
cloudflare,cloudflare/aloha-rs,2023-04-07T18:42:09Z,5,5,Rust,TRUE,TRUE,other
cloudflare,cloudflare/amp-by-example,2017-03-09T23:47:29Z,3,3,HTML,FALSE,TRUE,apache-2.0
cloudflare,cloudflare/amp-docs,2017-03-09T23:52:29Z,2,2,SCSS,FALSE,TRUE,other
cloudflare,cloudflare/amphtml,2016-07-11T00:31:27Z,8,8,JavaScript,FALSE,FALSE,apache-2.0
cloudflare,cloudflare/angular-schema-form,2015-10-17T01:02:14Z,1,1,JavaScript,FALSE,FALSE,mit
cloudflare,cloudflare/angularjs-gravatardirective,2014-05-07T03:04:09Z,1,1,JavaScript,FALSE,TRUE,mit
cloudflare,cloudflare/api-schemas,2022-06-16T18:46:27Z,87,87,JavaScript,FALSE,FALSE,bsd-3-clause
cloudflare,cloudflare/apt-transport-cloudflared,2019-06-17T17:23:08Z,21,21,Go,TRUE,TRUE,bsd-3-clause
cloudflare,cloudflare/Area1API,2016-09-20T17:47:53Z,3,3,Python,TRUE,TRUE,No License
cloudflare,cloudflare/argo-tunnel-examples,2020-08-09T00:29:02Z,214,214,HCL,TRUE,TRUE,No License
cloudflare,cloudflare/async-std,2020-01-15T16:58:58Z,3,3,Rust,TRUE,TRUE,apache-2.0
cloudflare,cloudflare/authr,2017-10-19T18:04:11Z,47,47,PHP,FALSE,FALSE,bsd-3-clause
cloudflare,cloudflare/autobench,2014-01-09T15:26:07Z,7,7,Go,FALSE,TRUE,No License
cloudflare,cloudflare/Azure-Sentinel,2022-08-10T19:19:18Z,2,2,Jupyter Notebook,TRUE,TRUE,mit
cloudflare,cloudflare/babel-preset-cf,2015-11-04T23:02:04Z,7,7,JavaScript,FALSE,TRUE,bsd-3-clause
cloudflare,cloudflare/backgridjs.com,2013-12-07T15:05:47Z,11,11,HTML,FALSE,TRUE,No License
cloudflare,cloudflare/backoff,2015-12-09T18:45:29Z,46,46,Go,TRUE,TRUE,bsd-2-clause
cloudflare,cloudflare/badupnp,2017-06-28T17:30:11Z,17,17,Makefile,TRUE,TRUE,No License
cloudflare,cloudflare/bbmp2kafka,2022-11-03T20:38:57Z,14,14,Go,TRUE,TRUE,other
cloudflare,cloudflare/binary-install,2019-11-08T19:14:03Z,48,48,JavaScript,TRUE,TRUE,No License
cloudflare,cloudflare/binast-benches,2019-04-30T09:13:32Z,1,1,Makefile,TRUE,TRUE,No License
cloudflare,cloudflare/binast-cf-worker,2019-05-07T16:51:23Z,18,18,JavaScript,TRUE,TRUE,apache-2.0
rustdesk,rustdesk/doc.rustdesk.com,2021-08-29T14:11:39Z,388,388,HTML,TRUE,TRUE,mit
rustdesk,rustdesk/flathub,2024-05-11T04:27:52Z,4,4,,TRUE,TRUE,lgpl-2.1
rustdesk,rustdesk/rustdesk,2020-09-28T15:36:08Z,74483,74483,Rust,TRUE,TRUE,agpl-3.0
rustdesk,rustdesk/rustdesk-server,2020-09-28T15:37:59Z,6605,6605,Rust,TRUE,TRUE,agpl-3.0
rustdesk,rustdesk/rustdesk-server-demo,2021-05-27T10:22:19Z,615,615,Rust,TRUE,TRUE,agpl-3.0
rustdesk,rustdesk/rustdesk-server-pro,2023-07-03T16:06:12Z,138,138,Shell,TRUE,TRUE,No License
rustdesk,rustdesk/uptime,2023-12-08T16:02:08Z,18,18,JSON,TRUE,TRUE,mit
rustdesk,rustdesk/winget-pkgs,2024-06-23T12:03:48Z,2,2,,TRUE,TRUE,mit
mmumshad,mmumshad/angular-fullstack-dist,2017-06-02T14:48:08Z,1,1,Shell,TRUE,TRUE,mit
mmumshad,mmumshad/angular-markdown-directive,2017-06-06T17:59:26Z,0,0,JavaScript,TRUE,TRUE,No License
mmumshad,mmumshad/angular-yamljs,2016-08-24T19:02:07Z,0,0,,TRUE,TRUE,mit
mmumshad,mmumshad/ansible,2019-10-21T04:50:43Z,8,8,,TRUE,FALSE,gpl-3.0
mmumshad,mmumshad/ansible-examples,2019-09-26T03:53:09Z,14,14,,TRUE,FALSE,No License
mmumshad,mmumshad/ansible-module-chaperone,2016-09-05T03:22:13Z,1,1,Python,TRUE,TRUE,apache-2.0
mmumshad,mmumshad/ansible-modules,2016-08-14T04:19:34Z,6,6,Python,TRUE,TRUE,mit
mmumshad,mmumshad/ansible-role-mysql,2017-08-16T14:21:35Z,4,4,,TRUE,TRUE,No License
mmumshad,mmumshad/ansible-tower-project,2019-02-20T04:02:55Z,8,8,,TRUE,TRUE,No License
mmumshad,mmumshad/ansible-training-answer-keys,2017-07-20T14:37:44Z,73,73,,TRUE,TRUE,mit
mmumshad,mmumshad/ansible-training-answer-keys-2,2017-08-10T21:28:47Z,72,72,Python,TRUE,TRUE,No License
mmumshad,mmumshad/aws-s3-mount,2017-07-12T13:01:45Z,4,4,Shell,TRUE,TRUE,No License
mmumshad,mmumshad/bower-license,2016-10-06T19:35:48Z,0,0,JavaScript,TRUE,TRUE,apache-2.0
mmumshad,mmumshad/brocade-capacity-report,2016-09-02T03:52:27Z,0,0,PowerShell,TRUE,TRUE,mit
mmumshad,mmumshad/certified-kubernetes-administrator-course,2020-08-18T02:57:14Z,52,52,,TRUE,TRUE,No License
mmumshad,mmumshad/certified-kubernetes-administrator-course-answers,2019-04-04T03:21:56Z,22,22,,TRUE,TRUE,No License
mmumshad,mmumshad/chef-local-docker,2018-08-31T23:22:56Z,2,2,Dockerfile,TRUE,TRUE,apache-2.0
mmumshad,mmumshad/ci.docker.websphere-traditional,2017-10-29T02:14:31Z,2,2,Shell,TRUE,TRUE,apache-2.0
mmumshad,mmumshad/cisco-fabric-switch-port-check,2016-09-02T04:23:09Z,2,2,PowerShell,TRUE,TRUE,mit
mmumshad,mmumshad/CKAD-exercises,2020-07-04T09:58:28Z,29,29,,TRUE,TRUE,mit
mmumshad,mmumshad/Cloud-Education,2016-09-02T02:18:57Z,7,7,,TRUE,TRUE,mit
mmumshad,mmumshad/crack-CKAD,2019-07-30T05:01:53Z,18,18,,TRUE,TRUE,mit
mmumshad,mmumshad/debug-ansible-modules-pycharm,2016-09-05T17:31:28Z,10,10,,TRUE,TRUE,mit
mmumshad,mmumshad/developer-roadmap,2023-03-22T13:56:17Z,8,8,Astro,TRUE,TRUE,other
mmumshad,mmumshad/devtraining-needit-jakarta,2017-09-18T16:56:04Z,0,0,,TRUE,TRUE,No License
mmumshad,mmumshad/docker-advanced-training-answers,2017-10-27T21:33:59Z,6,6,,TRUE,TRUE,No License
mmumshad,mmumshad/docker-node-mongo-ansible,2016-10-29T03:23:56Z,1,1,,TRUE,TRUE,mit
mmumshad,mmumshad/docker-node-mongo-ansible-redis,2016-10-29T03:39:08Z,2,2,,TRUE,TRUE,mit
mmumshad,mmumshad/docker-training-answer-keys,2017-09-06T13:53:22Z,35,35,,TRUE,TRUE,No License
mmumshad,mmumshad/ehc-ansible,2016-08-06T03:07:21Z,0,0,,TRUE,TRUE,No License
Brooooooklyn,Brooooooklyn/.tmux,2020-03-24T15:10:48Z,0,0,,TRUE,FALSE,mit
Brooooooklyn,Brooooooklyn/30min_guides,2018-01-15T15:12:41Z,0,0,,TRUE,TRUE,No License
Brooooooklyn,Brooooooklyn/actix,2018-08-01T17:01:03Z,0,0,Rust,TRUE,TRUE,apache-2.0
Brooooooklyn,Brooooooklyn/ada-url,2023-04-16T17:14:17Z,10,10,C++,TRUE,TRUE,No License
Brooooooklyn,Brooooooklyn/AFFiNE,2023-03-02T07:15:39Z,2,2,,TRUE,TRUE,mpl-2.0
Brooooooklyn,Brooooooklyn/angular_with_typescript,2015-05-24T08:57:06Z,1,1,JavaScript,TRUE,TRUE,No License
Brooooooklyn,Brooooooklyn/ant-design,2016-09-28T08:38:05Z,0,0,CSS,TRUE,TRUE,mit
Brooooooklyn,Brooooooklyn/Appelsin-Scroll,2014-11-14T11:44:23Z,1,1,JavaScript,TRUE,TRUE,mit
Brooooooklyn,Brooooooklyn/arco-design,2021-10-28T05:23:31Z,0,0,TypeScript,TRUE,TRUE,mit
Brooooooklyn,Brooooooklyn/async-scoped,2023-11-09T13:08:25Z,1,1,Rust,TRUE,TRUE,No License
Brooooooklyn,Brooooooklyn/ava,2022-08-25T07:27:11Z,0,0,,TRUE,FALSE,mit
Brooooooklyn,Brooooooklyn/awesome-local-first,2023-08-07T07:26:32Z,1,1,,TRUE,TRUE,No License
Brooooooklyn,Brooooooklyn/awesome-typescript-ecosystem,2020-01-06T15:15:43Z,0,0,,TRUE,TRUE,mit
Brooooooklyn,Brooooooklyn/berry,2023-10-24T10:07:25Z,0,0,,TRUE,FALSE,bsd-2-clause
Brooooooklyn,Brooooooklyn/bigwatermelon,2021-01-28T16:22:34Z,0,0,,TRUE,TRUE,No License
Brooooooklyn,Brooooooklyn/blake-hash,2021-10-29T10:47:52Z,44,44,Rust,TRUE,TRUE,mit
Brooooooklyn,Brooooooklyn/blocksuite,2023-03-02T07:13:10Z,1,1,,TRUE,TRUE,mpl-2.0
Brooooooklyn,Brooooooklyn/blog,2016-04-14T02:02:26Z,4,4,TypeScript,TRUE,TRUE,0bsd
Brooooooklyn,Brooooooklyn/Brooooooklyn,2020-07-09T03:19:12Z,0,0,,TRUE,TRUE,No License
Brooooooklyn,Brooooooklyn/Build-Promise,2016-07-28T16:43:44Z,4,4,TypeScript,TRUE,TRUE,No License
Brooooooklyn,Brooooooklyn/bun,2023-09-20T05:49:19Z,0,0,,TRUE,FALSE,No License
Brooooooklyn,Brooooooklyn/cairo,2018-04-11T12:51:28Z,0,0,Rust,TRUE,TRUE,mit
Brooooooklyn,Brooooooklyn/canvas,2020-08-30T03:08:40Z,1754,1754,Rust,TRUE,TRUE,mit
Brooooooklyn,Brooooooklyn/cargo,2023-12-28T03:19:14Z,1,1,Rust,TRUE,TRUE,apache-2.0
Brooooooklyn,Brooooooklyn/cargo-xwin,2022-12-19T07:19:09Z,0,0,Rust,TRUE,TRUE,other
Brooooooklyn,Brooooooklyn/Cassanova,2016-07-28T03:48:01Z,1,1,TypeScript,TRUE,TRUE,No License
Brooooooklyn,Brooooooklyn/clash-dashboard,2019-10-24T11:41:05Z,0,0,,TRUE,TRUE,mit
Brooooooklyn,Brooooooklyn/Clipboard,2022-08-08T06:54:09Z,79,79,Rust,TRUE,TRUE,No License
Brooooooklyn,Brooooooklyn/crc32c,2022-02-10T04:36:52Z,0,0,Rust,TRUE,TRUE,No License
Brooooooklyn,Brooooooklyn/crypto-wasm,2018-06-27T11:29:35Z,8,8,JavaScript,TRUE,TRUE,No License
doodlewind,doodlewind/Algorithm-basics,2015-04-15T12:12:02Z,0,0,Python,TRUE,TRUE,No License
doodlewind,doodlewind/AlloyCrop,2020-03-11T04:37:40Z,1,1,,TRUE,TRUE,No License
doodlewind,doodlewind/aregrid-mindnote,2024-01-08T09:07:19Z,3,3,,TRUE,TRUE,mit
doodlewind,doodlewind/awesome-free-saas,2022-08-15T10:50:38Z,1,1,,TRUE,TRUE,mit
doodlewind,doodlewind/awesome-react-renderer,2019-11-11T23:49:17Z,0,0,,TRUE,TRUE,No License
doodlewind,doodlewind/awesome-vue,2016-11-30T16:33:35Z,0,0,,TRUE,FALSE,No License
doodlewind,doodlewind/beam,2019-07-22T11:53:56Z,521,521,JavaScript,TRUE,TRUE,No License
doodlewind,doodlewind/blocky-editor,2022-09-10T02:17:39Z,0,0,TypeScript,TRUE,TRUE,mit
doodlewind,doodlewind/blog,2016-09-28T16:18:31Z,22,22,JavaScript,TRUE,TRUE,No License
doodlewind,doodlewind/builddocs,2017-12-12T02:16:22Z,0,0,JavaScript,TRUE,TRUE,mit
doodlewind,doodlewind/bumpover,2017-12-31T13:15:00Z,65,65,JavaScript,TRUE,TRUE,mit
doodlewind,doodlewind/ck.js,2016-10-28T11:27:52Z,1,1,JavaScript,TRUE,TRUE,No License
doodlewind,doodlewind/compilExpt,2015-03-30T13:38:03Z,2,2,JavaScript,TRUE,TRUE,No License
doodlewind,doodlewind/conventionalcommits.org,2018-01-18T02:37:21Z,0,0,CSS,TRUE,TRUE,No License
doodlewind,doodlewind/crdt-and-local-first,2023-03-27T00:58:36Z,29,29,Vue,TRUE,TRUE,No License
doodlewind,doodlewind/cypress-example-todomvc,2021-09-15T09:00:17Z,0,0,,TRUE,TRUE,mit
doodlewind,doodlewind/easyLoop,2016-09-19T03:10:03Z,0,0,JavaScript,TRUE,TRUE,No License
doodlewind,doodlewind/easyScale,2016-09-30T00:06:09Z,0,0,JavaScript,TRUE,TRUE,No License
doodlewind,doodlewind/endo,2023-11-07T09:10:20Z,0,0,,TRUE,TRUE,apache-2.0
doodlewind,doodlewind/engine,2020-11-02T10:33:19Z,0,0,,TRUE,FALSE,bsd-3-clause
doodlewind,doodlewind/eslint-plugin-pangu-comment,2018-05-03T01:47:24Z,4,4,JavaScript,TRUE,TRUE,No License
doodlewind,doodlewind/examples,2019-06-26T06:02:45Z,2,2,HTML,TRUE,TRUE,No License
doodlewind,doodlewind/f1c500s_kernel,2019-12-02T17:47:40Z,0,0,,TRUE,TRUE,other
doodlewind,doodlewind/fe-native-lang,2018-02-26T14:30:25Z,31,31,C,TRUE,TRUE,No License
doodlewind,doodlewind/flylog,2016-10-07T18:54:53Z,13,13,Vue,TRUE,TRUE,No License
doodlewind,doodlewind/freecube,2018-08-23T02:21:02Z,127,127,JavaScript,TRUE,TRUE,mit
doodlewind,doodlewind/gl-matrix,2018-02-27T06:43:25Z,0,0,JavaScript,TRUE,TRUE,mit
doodlewind,doodlewind/Glitter,2019-10-10T22:25:26Z,0,0,CMake,TRUE,FALSE,No License
doodlewind,doodlewind/gomoku,2015-03-14T12:44:13Z,5,5,JavaScript,TRUE,TRUE,No License
doodlewind,doodlewind/harfbuzzjs,2022-02-18T02:18:57Z,0,0,,TRUE,TRUE,other
cch123,cch123/algorithm-visualizer,2019-01-28T05:23:56Z,1,1,JavaScript,TRUE,TRUE,mit
cch123,cch123/algorithms,2019-04-28T14:24:25Z,2,2,,TRUE,TRUE,No License
cch123,cch123/algos-svg,2018-08-14T09:11:56Z,1,1,,TRUE,TRUE,No License
cch123,cch123/asciidoc-rs,2019-07-29T08:44:33Z,10,10,Rust,TRUE,FALSE,No License
cch123,cch123/asm-cli,2017-09-04T13:22:43Z,260,260,Go,FALSE,FALSE,mit
cch123,cch123/asm-cli-rust,2019-01-17T08:45:58Z,319,319,Rust,FALSE,FALSE,other
cch123,cch123/asmshare,2019-03-14T04:43:16Z,364,364,,FALSE,FALSE,No License
cch123,cch123/awesome-gc,2021-06-07T08:15:35Z,70,70,,FALSE,FALSE,No License
cch123,cch123/awesome-go,2021-06-07T08:17:23Z,2,2,,TRUE,FALSE,mit
cch123,cch123/awesome-rust,2019-01-21T09:11:24Z,1,1,Rust,TRUE,FALSE,No License
cch123,cch123/beanstalkd-annotated,2016-07-01T18:51:24Z,0,0,C,TRUE,TRUE,mit
cch123,cch123/bfe,2020-07-27T15:26:25Z,0,0,Go,TRUE,TRUE,apache-2.0
cch123,cch123/binding,2019-12-25T05:15:24Z,0,0,Go,TRUE,TRUE,No License
cch123,cch123/blog_comment,2018-06-09T08:20:04Z,8,8,,FALSE,FALSE,No License
cch123,cch123/bottlenecks-go,2020-11-23T07:20:49Z,11,11,,TRUE,TRUE,No License
cch123,cch123/caddy,2019-12-19T09:17:53Z,0,0,,TRUE,TRUE,apache-2.0
cch123,cch123/Carrier-Owl,2021-01-04T13:17:05Z,0,0,,TRUE,TRUE,mit
cch123,cch123/cch123,2020-07-09T03:47:23Z,8,8,,TRUE,TRUE,No License
cch123,cch123/cch123.github.io,2019-05-17T06:08:13Z,8,8,HTML,FALSE,FALSE,No License
cch123,cch123/cgroups,2020-07-14T07:00:02Z,0,0,,TRUE,TRUE,apache-2.0
cch123,cch123/cheats.rs,2019-07-09T04:43:19Z,0,0,Rust,TRUE,FALSE,No License
cch123,cch123/chisel,2019-06-06T06:04:05Z,2,2,Go,TRUE,TRUE,No License
cch123,cch123/clash,2020-07-03T07:55:02Z,0,0,,TRUE,TRUE,gpl-3.0
cch123,cch123/clashX,2019-06-06T08:11:42Z,0,0,,TRUE,TRUE,No License
cch123,cch123/clean-architecture-manga,2020-07-15T11:58:26Z,0,0,,TRUE,TRUE,apache-2.0
cch123,cch123/cmake-learn,2018-04-08T03:02:46Z,2,2,CMake,TRUE,TRUE,No License
cch123,cch123/collins-wordlist,2019-03-11T07:45:23Z,5,5,,FALSE,FALSE,No License
cch123,cch123/collins_dict,2019-03-13T17:23:42Z,0,0,Python,TRUE,TRUE,gpl-3.0
cch123,cch123/concurrency-in-go-src,2018-06-09T14:34:41Z,10,10,Go,TRUE,FALSE,mit
cch123,cch123/coreutils,2019-01-20T17:43:12Z,1,1,Rust,TRUE,TRUE,mit
JamesNK,JamesNK/app-service-linux-docs,2022-10-27T12:09:51Z,1,1,,TRUE,TRUE,cc-by-4.0
JamesNK,JamesNK/ApplicationInsights-dotnet,2021-03-31T01:02:24Z,3,3,,TRUE,FALSE,mit
JamesNK,JamesNK/aspnetcore-grafana,2023-05-13T06:00:32Z,293,293,,TRUE,FALSE,No License
JamesNK,JamesNK/aspnetcore-maui,2024-01-16T01:42:20Z,18,18,C#,TRUE,TRUE,mit
JamesNK,JamesNK/AspNetCoreDiagnosticScenarios,2018-10-23T08:34:55Z,3,3,C#,TRUE,TRUE,No License
JamesNK,JamesNK/benchmarks-playground,2019-12-23T04:00:59Z,2,2,,TRUE,TRUE,mit
JamesNK,JamesNK/BlazorGrpcAuth,2020-06-17T02:06:12Z,2,2,,TRUE,TRUE,No License
JamesNK,JamesNK/BlazorSerialization,2020-09-27T10:11:48Z,32,32,C#,TRUE,TRUE,mit
JamesNK,JamesNK/BookOfDotNetOSS,2018-07-24T08:17:07Z,9,9,CSS,TRUE,TRUE,cc-by-4.0
JamesNK,JamesNK/containerdclient,2022-07-29T05:44:55Z,1,1,,TRUE,TRUE,apache-2.0
JamesNK,JamesNK/core,2019-06-13T00:30:19Z,3,3,Shell,TRUE,FALSE,mit
JamesNK,JamesNK/core-sdk,2019-07-31T23:03:14Z,2,2,C#,TRUE,TRUE,mit
JamesNK,JamesNK/corefx,2018-12-01T04:19:18Z,2,2,C#,TRUE,TRUE,mit
JamesNK,JamesNK/DiscoveryDemo,2023-06-19T01:22:19Z,1,1,C#,TRUE,TRUE,mit
JamesNK,JamesNK/docs,2018-09-20T23:12:22Z,4,4,PowerShell,TRUE,FALSE,cc-by-4.0
JamesNK,JamesNK/docs.microsoft.com-nuget,2018-07-24T07:24:49Z,3,3,PowerShell,TRUE,TRUE,mit
JamesNK,JamesNK/dotnet-sdk,2021-02-19T01:42:42Z,1,1,,TRUE,TRUE,mit
JamesNK,JamesNK/fluentui-blazor,2023-10-02T01:57:28Z,1,1,,TRUE,FALSE,mit
JamesNK,JamesNK/foundation,2018-11-27T00:11:12Z,2,2,,TRUE,TRUE,No License
JamesNK,JamesNK/gax-dotnet,2024-01-04T08:16:30Z,1,1,,TRUE,TRUE,bsd-3-clause
JamesNK,JamesNK/grpc,2019-03-24T20:16:41Z,7,7,C++,TRUE,TRUE,apache-2.0
JamesNK,JamesNK/grpc-dotnet,2019-02-01T19:29:22Z,21,21,C#,TRUE,TRUE,apache-2.0
JamesNK,JamesNK/grpc-net-client-migration-perf-repro,2022-05-18T01:27:54Z,1,1,C#,TRUE,TRUE,No License
JamesNK,JamesNK/grpc-web,2020-04-20T23:32:25Z,2,2,,TRUE,TRUE,apache-2.0
JamesNK,JamesNK/GrpcHttpApiIssueSample,2022-03-13T09:05:45Z,1,1,,TRUE,TRUE,No License
JamesNK,JamesNK/GrpcLoadBalancing,2021-03-02T20:55:44Z,5,5,,TRUE,TRUE,mit
JamesNK,JamesNK/GrpcNamedPipes,2022-10-10T10:55:05Z,6,6,C#,TRUE,TRUE,mit
JamesNK,JamesNK/GrpcResponseHangs,2023-02-09T13:10:00Z,3,3,C#,TRUE,TRUE,No License
JamesNK,JamesNK/GrpcShutdownTest,2022-03-28T08:30:38Z,2,2,C#,TRUE,TRUE,No License
JamesNK,JamesNK/grpc_bench,2020-08-03T11:13:53Z,2,2,Dockerfile,TRUE,TRUE,mit
uknownothingsnow,uknownothingsnow/--,2021-04-25T03:46:55Z,1,1,,TRUE,TRUE,zlib
uknownothingsnow,uknownothingsnow/33pu,2013-07-23T15:14:38Z,0,0,PHP,TRUE,TRUE,other
uknownothingsnow,uknownothingsnow/9-Patch-Resizer,2015-01-06T03:33:24Z,0,0,Java,TRUE,TRUE,apache-2.0
uknownothingsnow,uknownothingsnow/91porn,2018-03-12T12:21:57Z,6,6,Java,TRUE,TRUE,No License
uknownothingsnow,uknownothingsnow/A-Gentle-Introduction-To-Haskell-Chinese-Edition,2014-08-02T07:26:39Z,0,0,,TRUE,TRUE,No License
uknownothingsnow,uknownothingsnow/ABTestingGateway,2015-08-27T06:23:59Z,0,0,Lua,TRUE,TRUE,mit
uknownothingsnow,uknownothingsnow/acra,2016-04-25T01:30:31Z,0,0,Java,TRUE,TRUE,apache-2.0
uknownothingsnow,uknownothingsnow/activityoverlord,2014-03-03T15:47:11Z,0,0,JavaScript,TRUE,TRUE,No License
uknownothingsnow,uknownothingsnow/adbs,2016-02-04T14:22:17Z,2,2,JavaScript,TRUE,TRUE,No License
uknownothingsnow,uknownothingsnow/AFE,2014-02-11T13:08:59Z,0,0,,TRUE,TRUE,No License
uknownothingsnow,uknownothingsnow/alloy_fugitive,2013-04-22T14:10:03Z,0,0,JavaScript,TRUE,TRUE,other
uknownothingsnow,uknownothingsnow/AndFix,2015-09-15T05:24:15Z,0,0,C++,TRUE,TRUE,other
uknownothingsnow,uknownothingsnow/AndResGuard,2016-10-13T12:37:11Z,2,2,Java,TRUE,TRUE,apache-2.0
uknownothingsnow,uknownothingsnow/android,2013-12-14T08:41:24Z,1,1,Java,TRUE,TRUE,No License
uknownothingsnow,uknownothingsnow/android-1,2014-03-14T04:50:13Z,0,0,Java,TRUE,TRUE,No License
uknownothingsnow,uknownothingsnow/android-bbs,2014-02-07T03:05:22Z,0,0,Java,TRUE,TRUE,No License
uknownothingsnow,uknownothingsnow/Android-Bootstrap,2014-12-09T07:38:16Z,2,2,Java,TRUE,TRUE,mit
uknownothingsnow,uknownothingsnow/Android-CleanArchitecture,2014-09-11T07:50:58Z,0,0,,TRUE,TRUE,apache-2.0
uknownothingsnow,uknownothingsnow/Android-Cookbook-Examples,2014-05-19T14:24:17Z,0,0,JavaScript,TRUE,FALSE,other
uknownothingsnow,uknownothingsnow/android-dynamical-loading,2015-12-09T01:56:53Z,1,1,Java,TRUE,TRUE,No License
uknownothingsnow,uknownothingsnow/android-layout-samples,2014-12-13T14:47:43Z,1,1,Java,TRUE,TRUE,No License
uknownothingsnow,uknownothingsnow/android-open-project,2014-06-18T14:39:55Z,0,0,,TRUE,TRUE,apache-2.0
uknownothingsnow,uknownothingsnow/Android-Plugin-Framework,2016-06-23T01:41:15Z,4,4,Java,TRUE,TRUE,mit
uknownothingsnow,uknownothingsnow/Android-ProgressSwitcher,2014-05-06T08:21:18Z,0,0,Java,TRUE,TRUE,apache-2.0
uknownothingsnow,uknownothingsnow/android-samples,2014-09-10T10:08:16Z,0,0,,TRUE,TRUE,mit
uknownothingsnow,uknownothingsnow/Android-Skin-Loader,2015-09-11T15:08:25Z,2,2,Java,TRUE,TRUE,apache-2.0
uknownothingsnow,uknownothingsnow/android-unit-test,2014-12-14T12:39:13Z,0,0,Groovy,TRUE,TRUE,other
uknownothingsnow,uknownothingsnow/androidcn.org,2015-03-26T14:46:31Z,24,24,JavaScript,TRUE,TRUE,No License
uknownothingsnow,uknownothingsnow/androiddev,2014-06-16T04:52:08Z,0,0,Java,TRUE,TRUE,No License
uknownothingsnow,uknownothingsnow/AndroidDynamicLoader,2014-12-19T15:04:58Z,0,0,Java,TRUE,TRUE,other
Shib-Chain,Shib-Chain/assets,2022-09-13T06:28:33Z,1,1,,TRUE,TRUE,No License
Shib-Chain,Shib-Chain/blockscout,2022-09-06T07:49:54Z,15,15,Elixir,TRUE,TRUE,gpl-3.0
Shib-Chain,Shib-Chain/bridge,2022-09-11T15:26:30Z,0,0,Go,TRUE,TRUE,No License
Shib-Chain,Shib-Chain/chains,2022-09-09T15:20:57Z,0,0,Kotlin,TRUE,FALSE,mit
Shib-Chain,Shib-Chain/sdk,2022-09-17T13:05:50Z,0,0,,TRUE,TRUE,No License
Shib-Chain,Shib-Chain/shibc-faucet,2022-09-07T07:10:59Z,10,10,Go,TRUE,FALSE,mit
kazura233,kazura233/axios-adapter-taro,2021-08-30T15:13:24Z,5,5,,TRUE,TRUE,mit
kazura233,kazura233/box-engine,2023-01-16T17:53:38Z,1,1,,TRUE,TRUE,mit
kazura233,kazura233/draw,2022-06-28T07:30:56Z,1,1,,TRUE,TRUE,No License
kazura233,kazura233/hello-algo,2023-10-31T08:55:10Z,2,2,,TRUE,FALSE,other
kazura233,kazura233/image-viewer,2023-09-25T14:12:23Z,0,0,TypeScript,TRUE,TRUE,mit
kazura233,kazura233/jsencrypt,2023-09-04T08:22:45Z,1,1,,TRUE,TRUE,other
kazura233,kazura233/kazura233,2020-10-03T08:51:56Z,54,54,,TRUE,TRUE,No License
kazura233,kazura233/kazura233.github.io,2023-11-12T14:37:14Z,2,2,,TRUE,TRUE,No License
kazura233,kazura233/kazurajs,2022-07-04T03:39:24Z,111,111,TypeScript,TRUE,TRUE,mit
kazura233,kazura233/lock-native-back,2023-09-01T08:56:24Z,1,1,JavaScript,TRUE,TRUE,No License
kazura233,kazura233/lottery,2020-12-18T09:39:47Z,6,6,TypeScript,TRUE,TRUE,mit
kazura233,kazura233/react-monorepo-project-template,2022-07-01T17:35:29Z,12,12,TypeScript,TRUE,TRUE,mit
kazura233,kazura233/react-one-page,2023-03-09T07:32:54Z,1,1,,TRUE,TRUE,mit
kazura233,kazura233/react-project-template,2021-09-27T03:28:59Z,3,3,TypeScript,TRUE,TRUE,No License
kazura233,kazura233/react-store,2021-04-26T12:53:52Z,12,12,TypeScript,TRUE,TRUE,mit
kazura233,kazura233/react-toolkit,2023-08-28T14:30:42Z,1,1,,TRUE,TRUE,mit
kazura233,kazura233/tenshisama-withyou,2023-03-13T15:40:02Z,3,3,HTML,TRUE,TRUE,mit
kazura233,kazura233/tinymce,2021-06-07T09:21:45Z,10,10,JavaScript,TRUE,TRUE,lgpl-2.1
kazura233,kazura233/todomvc-app-template,2020-07-28T06:15:22Z,10,10,TypeScript,TRUE,TRUE,mit
kazura233,kazura233/todomvc-app-template-golang,2022-02-12T10:22:59Z,3,3,Go,TRUE,TRUE,mit
kazura233,kazura233/todomvc-app-template-java,2024-04-24T02:25:54Z,2,2,Java,TRUE,TRUE,mit
kazura233,kazura233/todomvc-app-template-nestjs,2024-04-25T03:51:49Z,2,2,TypeScript,TRUE,TRUE,mit
kazura233,kazura233/todomvc-app-template-vue2,2020-09-11T09:09:32Z,10,10,TypeScript,TRUE,TRUE,mit
kazura233,kazura233/todomvc-app-template-vue3,2020-09-29T01:43:16Z,6,6,TypeScript,TRUE,TRUE,mit
kazura233,kazura233/ueditor,2021-06-08T06:29:24Z,12,12,JavaScript,TRUE,TRUE,mit
kazura233,kazura233/ugly-avatar,2024-03-26T11:01:52Z,1,1,JavaScript,TRUE,TRUE,other
kazura233,kazura233/vue-portal,2020-10-23T12:01:39Z,7,7,JavaScript,TRUE,TRUE,mit
kazura233,kazura233/web-broadcast,2022-12-30T16:32:50Z,2,2,TypeScript,TRUE,TRUE,mit
kazura233,kazura233/web-crypto,2021-05-17T16:27:05Z,35,35,TypeScript,TRUE,TRUE,mit
kazura233,kazura233/web-daemon,2021-05-18T14:53:06Z,672,672,TypeScript,TRUE,TRUE,mit
XingangPan,XingangPan/awesome-NeRF,2021-11-02T20:06:45Z,9,9,TeX,TRUE,TRUE,mit
XingangPan,XingangPan/coding-interview-university,2017-11-20T13:55:42Z,26,26,,TRUE,FALSE,cc-by-sa-4.0
XingangPan,XingangPan/d3,2019-03-18T12:07:51Z,0,0,JavaScript,TRUE,TRUE,bsd-3-clause
XingangPan,XingangPan/deep-generative-prior,2020-03-30T17:50:10Z,486,486,Python,TRUE,TRUE,mit
XingangPan,XingangPan/DragGAN,2023-05-18T10:08:02Z,35674,35674,Python,TRUE,TRUE,other
XingangPan,XingangPan/GAN2Shape,2020-11-02T09:54:43Z,574,574,Python,TRUE,TRUE,mit
XingangPan,XingangPan/hub,2020-06-22T04:02:14Z,0,0,Python,TRUE,TRUE,No License
XingangPan,XingangPan/IBN-Net,2018-07-20T13:02:33Z,795,795,Python,TRUE,TRUE,mit
XingangPan,XingangPan/mmdetection,2019-12-12T06:23:17Z,1,1,,TRUE,TRUE,apache-2.0
XingangPan,XingangPan/OCDA-Driving-Example,2020-11-22T09:09:23Z,15,15,Python,TRUE,TRUE,No License
XingangPan,XingangPan/SCNN,2017-12-17T07:41:23Z,813,813,Lua,TRUE,TRUE,mit
XingangPan,XingangPan/SCNN-prototxt-generator,2018-06-12T07:22:30Z,26,26,Python,TRUE,TRUE,No License
XingangPan,XingangPan/seg_label_generate,2018-04-16T08:32:11Z,169,169,C++,TRUE,TRUE,No License
XingangPan,XingangPan/ShadeGAN,2021-10-29T11:32:34Z,146,146,Python,TRUE,TRUE,mit
XingangPan,XingangPan/Switchable-Whitening,2019-10-22T11:28:22Z,138,138,Python,TRUE,TRUE,mit
sonnylazuardi,sonnylazuardi/21mobile,2016-09-14T05:43:28Z,162,162,JavaScript,TRUE,TRUE,No License
sonnylazuardi,sonnylazuardi/24,2015-06-14T09:37:42Z,3,3,CSS,TRUE,TRUE,gpl-2.0
sonnylazuardi,sonnylazuardi/3d-emoji-figma-plugin,2022-02-18T12:59:48Z,4,4,TypeScript,TRUE,TRUE,No License
sonnylazuardi,sonnylazuardi/acakata-line,2018-08-21T06:55:43Z,4,4,JavaScript,TRUE,TRUE,No License
sonnylazuardi,sonnylazuardi/alay,2014-12-04T09:22:16Z,0,0,Java,TRUE,TRUE,No License
sonnylazuardi,sonnylazuardi/alkitab-api,2015-12-01T04:34:58Z,114,114,JavaScript,TRUE,TRUE,No License
sonnylazuardi,sonnylazuardi/alkitab-suara,2016-02-28T08:23:30Z,0,0,,TRUE,TRUE,No License
sonnylazuardi,sonnylazuardi/anchor-angular,2014-12-28T13:12:38Z,0,0,,TRUE,TRUE,No License
sonnylazuardi,sonnylazuardi/AndroidPunk,2012-07-21T14:53:22Z,1,1,Java,TRUE,TRUE,mit
sonnylazuardi,sonnylazuardi/ANN,2014-11-13T23:36:03Z,0,0,C++,TRUE,TRUE,No License
sonnylazuardi,sonnylazuardi/app-playground,2023-08-05T03:55:01Z,0,0,,TRUE,FALSE,No License
sonnylazuardi,sonnylazuardi/app-sense,2017-11-11T13:26:44Z,87,87,JavaScript,TRUE,TRUE,mit
sonnylazuardi,sonnylazuardi/arbun,2013-01-02T09:01:09Z,1,1,PHP,TRUE,TRUE,other
sonnylazuardi,sonnylazuardi/are-you-github-pro,2019-01-08T06:38:40Z,20,20,JavaScript,TRUE,TRUE,mit
sonnylazuardi,sonnylazuardi/audioscroll.js,2014-01-13T02:45:08Z,0,0,,TRUE,TRUE,No License
sonnylazuardi,sonnylazuardi/aurelia-firebase,2015-01-29T01:35:14Z,0,0,,TRUE,TRUE,No License
sonnylazuardi,sonnylazuardi/Awesome-Black-Friday-Cyber-Monday,2022-11-23T14:34:40Z,1,1,,TRUE,TRUE,No License
sonnylazuardi,sonnylazuardi/awesome-bun,2023-10-19T10:51:17Z,1,1,,TRUE,FALSE,cc0-1.0
sonnylazuardi,sonnylazuardi/awesome-chatgpt,2022-12-08T00:18:36Z,1,1,,TRUE,TRUE,No License
sonnylazuardi,sonnylazuardi/awesome-js-dev-id,2019-06-21T12:18:41Z,1,1,,TRUE,TRUE,mit
sonnylazuardi,sonnylazuardi/awesome-react-native,2016-04-13T15:20:55Z,0,0,Ruby,TRUE,TRUE,No License
sonnylazuardi,sonnylazuardi/awesome-react-native-ui,2016-08-26T17:33:11Z,10,10,JavaScript,TRUE,TRUE,No License
sonnylazuardi,sonnylazuardi/awponent,2016-11-29T04:52:34Z,182,182,JavaScript,TRUE,TRUE,No License
sonnylazuardi,sonnylazuardi/ayun,2014-07-25T06:48:36Z,0,0,CSS,TRUE,TRUE,No License
sonnylazuardi,sonnylazuardi/baku-tidak-baku,2021-12-27T16:20:33Z,0,0,,TRUE,TRUE,other
sonnylazuardi,sonnylazuardi/bantu-asap-dashboard,2015-11-14T03:48:38Z,1,1,HTML,TRUE,TRUE,No License
sonnylazuardi,sonnylazuardi/bellquiz,2013-10-26T18:01:31Z,2,2,CSS,TRUE,TRUE,No License
sonnylazuardi,sonnylazuardi/berguru,2014-07-22T09:53:09Z,0,0,CSS,TRUE,TRUE,No License
sonnylazuardi,sonnylazuardi/bestapp,2014-11-29T05:08:21Z,1,1,JavaScript,TRUE,TRUE,No License
sonnylazuardi,sonnylazuardi/bible,2014-05-08T15:29:32Z,1,1,JavaScript,TRUE,TRUE,No License
Vamei,Vamei/Android-iBeacon-App,2017-09-11T06:14:46Z,0,0,Kotlin,TRUE,TRUE,No License
Vamei,Vamei/CFD-Model,2013-03-04T11:11:25Z,5,5,FORTRAN,TRUE,TRUE,No License
Vamei,Vamei/cordova-plugin-ble-central,2016-03-10T08:02:22Z,0,0,Java,TRUE,TRUE,other
Vamei,Vamei/cordova-plugin-metawear,2016-03-09T05:47:11Z,0,0,JavaScript,TRUE,TRUE,No License
Vamei,Vamei/metawear,2016-03-11T07:00:21Z,0,0,Java,TRUE,TRUE,No License
Vamei,Vamei/noble-device,2016-03-09T07:23:12Z,0,0,JavaScript,TRUE,TRUE,mit
Vamei,Vamei/node-sensortag,2016-03-29T09:40:55Z,0,0,JavaScript,TRUE,TRUE,mit
Vamei,Vamei/Protocol-Forest-Vamei,2014-02-08T11:53:23Z,395,395,,TRUE,TRUE,No License
Vamei,Vamei/python-epson-printer,2015-08-28T18:43:45Z,1,1,Python,TRUE,TRUE,No License
Vamei,Vamei/python-escpos-1,2015-12-30T06:26:14Z,0,0,Python,TRUE,TRUE,lgpl-3.0
Vamei,Vamei/Python-Tutorial-Vamei,2014-03-26T13:25:50Z,357,357,,TRUE,TRUE,No License
Vamei,Vamei/wango,2017-03-20T07:13:41Z,1,1,,TRUE,TRUE,No License
Vamei,Vamei/web-scraper-chrome-extension,2017-12-31T07:22:04Z,0,0,JavaScript,TRUE,TRUE,lgpl-3.0
Vamei,Vamei/weixin-robot,2015-10-16T09:10:48Z,26,26,JavaScript,TRUE,TRUE,No License
Vamei,Vamei/xp58,2015-08-28T18:44:19Z,0,0,C,TRUE,TRUE,mit
hpdang,hpdang/2018.fossasia.org,2017-11-03T22:57:39Z,404,404,CSS,TRUE,TRUE,No License
hpdang,hpdang/2019.fossasia.org,2018-07-23T05:16:26Z,409,409,HTML,TRUE,FALSE,No License
hpdang,hpdang/codeheat.org,2020-10-04T08:49:55Z,82,82,Less,TRUE,FALSE,No License
hpdang,hpdang/directory.api.fossasia.net,2014-12-03T17:29:50Z,403,403,,TRUE,TRUE,No License
hpdang,hpdang/engelsystem,2016-06-10T08:07:40Z,402,402,CSS,TRUE,TRUE,gpl-2.0
hpdang,hpdang/Event-Safety-Measures,2020-03-16T22:12:45Z,144,144,,TRUE,FALSE,apache-2.0
hpdang,hpdang/eventyay-doc,2020-06-30T10:47:02Z,134,134,,TRUE,TRUE,mit
hpdang,hpdang/fosdemvideobox,2019-02-24T07:06:51Z,404,404,OpenSCAD,TRUE,TRUE,No License
hpdang,hpdang/fossasia-2022-video-tools,2022-04-16T15:24:09Z,0,0,,TRUE,TRUE,mit
hpdang,hpdang/fossasia-fosdem-content,2021-01-24T18:45:25Z,0,0,,TRUE,TRUE,No License
hpdang,hpdang/fossasia-fosdem-static,2021-01-24T18:46:16Z,0,0,,TRUE,TRUE,No License
hpdang,hpdang/gdocs2md,2018-10-04T07:23:02Z,406,406,,TRUE,TRUE,apache-2.0
hpdang,hpdang/github-slideshow,2020-06-10T10:07:16Z,136,136,Ruby,TRUE,TRUE,mit
hpdang,hpdang/handbook,2020-05-25T15:54:28Z,140,140,JavaScript,TRUE,FALSE,apache-2.0
hpdang,hpdang/html-quiz,2020-12-09T08:31:26Z,0,0,,TRUE,TRUE,other
hpdang,hpdang/InnerSourceLearningPath,2019-05-25T21:39:41Z,406,406,,TRUE,TRUE,No License
hpdang,hpdang/jitsi-meet,2020-05-29T07:54:39Z,139,139,,TRUE,TRUE,apache-2.0
hpdang,hpdang/led-name-badge-ls32,2019-12-27T21:01:19Z,216,216,,TRUE,TRUE,gpl-2.0
hpdang,hpdang/loklak_server,2016-09-05T18:07:25Z,403,403,Java,TRUE,TRUE,lgpl-2.1
hpdang,hpdang/mediawiki-extensions,2016-07-13T22:47:55Z,401,401,Python,TRUE,FALSE,No License
hpdang,hpdang/mediawiki-vagrant,2016-07-13T22:48:37Z,397,397,Puppet,TRUE,FALSE,mit
hpdang,hpdang/merge-conflicts,2020-06-20T11:43:00Z,135,135,HTML,TRUE,TRUE,mit
hpdang,hpdang/open-leadership-training-series,2018-11-09T12:46:03Z,404,404,CSS,TRUE,TRUE,mit
hpdang,hpdang/opentechsummit.cn,2017-11-09T19:31:06Z,396,396,CSS,TRUE,TRUE,No License
hpdang,hpdang/pdfinator,2013-03-18T08:12:50Z,407,407,Python,TRUE,FALSE,No License
hpdang,hpdang/phimpme-android,2019-12-14T16:41:20Z,218,218,,TRUE,FALSE,gpl-3.0
hpdang,hpdang/pinyin,2017-11-03T22:33:23Z,397,397,JavaScript,TRUE,TRUE,mit
hpdang,hpdang/pretix,2024-01-21T13:23:20Z,0,0,Python,TRUE,FALSE,other
hpdang,hpdang/pslab-python,2020-09-19T14:05:47Z,112,112,,TRUE,FALSE,gpl-3.0
hpdang,hpdang/python-beginners,2016-09-05T17:30:27Z,393,393,Python,TRUE,TRUE,No License
CodexploreRepo,CodexploreRepo/abstractive-text-summarization,2022-06-06T16:07:48Z,0,0,,TRUE,TRUE,No License
CodexploreRepo,CodexploreRepo/audio,2023-11-15T02:55:47Z,0,0,Jupyter Notebook,TRUE,TRUE,mit
CodexploreRepo,CodexploreRepo/aws,2023-04-23T03:38:54Z,1,1,Jupyter Notebook,TRUE,TRUE,No License
CodexploreRepo,CodexploreRepo/aws-trading-app,2023-06-17T13:36:08Z,0,0,Jupyter Notebook,TRUE,TRUE,mit
CodexploreRepo,CodexploreRepo/captcha-solver,2023-10-30T10:54:56Z,0,0,,TRUE,TRUE,mit
CodexploreRepo,CodexploreRepo/cheatsheets,2020-07-20T00:03:02Z,2,2,,TRUE,TRUE,No License
CodexploreRepo,CodexploreRepo/cleanme,2022-06-23T02:39:50Z,1,1,Python,TRUE,TRUE,No License
CodexploreRepo,CodexploreRepo/CodexploreRepo,2021-01-17T09:22:16Z,47,47,,TRUE,TRUE,No License
CodexploreRepo,CodexploreRepo/codexplorerepo.github.io,2021-06-22T08:31:11Z,3,3,CSS,TRUE,TRUE,No License
CodexploreRepo,CodexploreRepo/cookiecutter-data-science-template,2024-06-25T15:57:04Z,0,0,,TRUE,TRUE,No License
CodexploreRepo,CodexploreRepo/cracking-the-coding-interview,2020-08-22T01:48:38Z,10,10,JavaScript,TRUE,TRUE,No License
CodexploreRepo,CodexploreRepo/data-engineering-101,2024-01-30T13:55:59Z,2,2,Jupyter Notebook,TRUE,TRUE,mit
CodexploreRepo,CodexploreRepo/data-science,2021-01-10T14:32:40Z,256,256,Jupyter Notebook,TRUE,TRUE,No License
CodexploreRepo,CodexploreRepo/data-structure-and-algorithm,2021-09-09T03:20:27Z,12,12,Python,TRUE,TRUE,mit
CodexploreRepo,CodexploreRepo/deep-learning,2022-05-05T07:13:41Z,4,4,Jupyter Notebook,TRUE,TRUE,No License
CodexploreRepo,CodexploreRepo/design-patterns,2024-01-14T07:01:58Z,0,0,Jupyter Notebook,TRUE,TRUE,No License
CodexploreRepo,CodexploreRepo/docker101,2022-09-01T09:01:05Z,2,2,Jupyter Notebook,TRUE,TRUE,No License
CodexploreRepo,CodexploreRepo/fast-api,2022-02-24T05:37:29Z,1,1,Python,TRUE,TRUE,No License
CodexploreRepo,CodexploreRepo/generative-ai,2023-08-05T02:16:57Z,0,0,,TRUE,TRUE,No License
CodexploreRepo,CodexploreRepo/go,2023-10-27T13:41:13Z,0,0,Go,TRUE,TRUE,No License
CodexploreRepo,CodexploreRepo/groceries-plugin,2023-11-03T17:07:25Z,0,0,Python,TRUE,TRUE,No License
CodexploreRepo,CodexploreRepo/handwriting-digit-recognizer,2022-09-23T08:50:56Z,6,6,Python,TRUE,TRUE,mit
CodexploreRepo,CodexploreRepo/handwriting-recognition,2022-04-29T02:30:00Z,1,1,,TRUE,TRUE,mit
CodexploreRepo,CodexploreRepo/jenkins,2024-01-26T14:06:35Z,0,0,Jupyter Notebook,TRUE,TRUE,mit
CodexploreRepo,CodexploreRepo/kaggle-solutions,2023-10-29T03:21:33Z,0,0,,TRUE,FALSE,mit
CodexploreRepo,CodexploreRepo/langchain,2024-06-26T14:25:16Z,0,0,Jupyter Notebook,TRUE,TRUE,mit
CodexploreRepo,CodexploreRepo/lastfm-recommender-system,2022-06-12T02:57:43Z,1,1,Python,TRUE,TRUE,mit
CodexploreRepo,CodexploreRepo/leetcode,2020-08-03T08:54:35Z,22,22,Python,TRUE,TRUE,No License
CodexploreRepo,CodexploreRepo/llm,2023-05-26T15:18:33Z,0,0,Jupyter Notebook,TRUE,TRUE,mit
CodexploreRepo,CodexploreRepo/machine-learning-101,2022-02-22T08:42:26Z,3,3,Jupyter Notebook,TRUE,TRUE,No License
vintagewang,vintagewang/automq,2024-09-21T10:49:37Z,2,2,,TRUE,TRUE,other
vintagewang,vintagewang/aws-sdk-java,2022-11-29T11:37:31Z,1,1,,TRUE,FALSE,apache-2.0
vintagewang,vintagewang/benchmarker,2012-08-07T11:48:12Z,0,0,C++,TRUE,TRUE,No License
vintagewang,vintagewang/bond,2015-05-02T10:34:40Z,0,0,C++,TRUE,TRUE,mit
vintagewang,vintagewang/boost.atomic,2012-06-10T01:37:00Z,1,1,C++,TRUE,TRUE,bsl-1.0
vintagewang,vintagewang/bootstrap,2012-11-24T18:02:03Z,0,0,JavaScript,TRUE,TRUE,apache-2.0
vintagewang,vintagewang/bytebase,2024-07-12T00:20:40Z,6,6,,TRUE,FALSE,other
vintagewang,vintagewang/C1000kPracticeGuide,2014-10-29T05:46:47Z,1,1,,TRUE,TRUE,No License
vintagewang,vintagewang/clash,2022-12-13T11:37:10Z,1,1,,TRUE,TRUE,gpl-3.0
vintagewang,vintagewang/clashX,2023-09-12T12:54:52Z,4,4,,TRUE,FALSE,agpl-3.0
vintagewang,vintagewang/ClickHouse,2021-06-07T02:06:21Z,1,1,,TRUE,TRUE,apache-2.0
vintagewang,vintagewang/client-java,2023-08-29T05:38:37Z,1,1,,TRUE,FALSE,apache-2.0
vintagewang,vintagewang/config,2023-09-21T02:03:33Z,4,4,,TRUE,FALSE,No License
vintagewang,vintagewang/curator,2012-11-26T05:27:13Z,0,0,Java,TRUE,TRUE,apache-2.0
vintagewang,vintagewang/db4q,2012-07-23T01:41:12Z,2,2,C++,TRUE,TRUE,No License
vintagewang,vintagewang/demo,2012-08-05T08:48:28Z,1,1,C,TRUE,TRUE,No License
vintagewang,vintagewang/demo1,2013-05-27T12:28:11Z,0,0,,TRUE,TRUE,No License
vintagewang,vintagewang/document,2013-08-24T09:04:36Z,35,35,,TRUE,TRUE,artistic-2.0
vintagewang,vintagewang/elasticmq,2023-09-21T01:52:53Z,5,5,,TRUE,TRUE,apache-2.0
vintagewang,vintagewang/etcd,2022-12-05T11:16:23Z,1,1,,TRUE,FALSE,apache-2.0
vintagewang,vintagewang/express-graphql,2019-12-31T03:15:18Z,1,1,,TRUE,FALSE,mit
vintagewang,vintagewang/fastjson,2016-03-18T06:25:02Z,0,0,Java,TRUE,TRUE,other
vintagewang,vintagewang/fence-agents,2023-09-08T05:48:20Z,4,4,,TRUE,TRUE,No License
vintagewang,vintagewang/flink,2021-07-09T06:39:29Z,0,0,,TRUE,FALSE,apache-2.0
vintagewang,vintagewang/fuxedo,2020-05-20T02:10:22Z,0,0,,TRUE,TRUE,mit
vintagewang,vintagewang/geodesy,2024-03-27T06:54:04Z,0,0,,TRUE,TRUE,apache-2.0
vintagewang,vintagewang/gfw-pac,2022-02-06T13:42:50Z,1,1,,TRUE,FALSE,other
vintagewang,vintagewang/git,2013-05-25T18:09:05Z,0,0,C,TRUE,FALSE,other
vintagewang,vintagewang/hnlcf,2022-11-07T12:08:06Z,0,0,,TRUE,TRUE,No License
vintagewang,vintagewang/Hystrix,2017-08-11T18:36:47Z,1,1,Java,TRUE,TRUE,No License
NaiboWang,NaiboWang/30dayMakeOS,2024-06-16T17:06:20Z,2,2,,TRUE,TRUE,other
NaiboWang,NaiboWang/Auto-Paper-Access,2022-10-31T09:19:11Z,0,0,,TRUE,TRUE,mit
NaiboWang,NaiboWang/awesome-spider,2023-09-27T09:20:11Z,3,3,,TRUE,TRUE,mit
NaiboWang,NaiboWang/Bilibili-XMLSubtitle-to-ASS,2022-01-05T17:46:37Z,166,166,Python,TRUE,TRUE,mit
NaiboWang,NaiboWang/chatgpt_academic,2023-04-11T18:21:36Z,6,6,Python,TRUE,TRUE,gpl-3.0
NaiboWang,NaiboWang/CommandlineConfig,2022-09-18T17:09:54Z,2058,2058,Python,TRUE,TRUE,mit
NaiboWang,NaiboWang/Crab-verification-code-service-system,2019-11-11T12:37:45Z,1,1,CSS,TRUE,TRUE,No License
NaiboWang,NaiboWang/currency_backend,2021-12-10T13:39:46Z,0,0,Python,TRUE,TRUE,No License
NaiboWang,NaiboWang/currency_frontend,2021-12-07T04:29:44Z,0,0,Vue,TRUE,TRUE,No License
NaiboWang,NaiboWang/Data-Free-Ensemble-Selection-For-One-Shot-Federated-Learning,2022-11-16T21:04:31Z,8,8,Jupyter Notebook,TRUE,TRUE,No License
NaiboWang,NaiboWang/EasySpider,2020-07-18T02:41:27Z,35094,35094,JavaScript,TRUE,TRUE,other
NaiboWang,NaiboWang/FedELMY,2024-07-21T11:54:02Z,1,1,Python,TRUE,TRUE,No License
NaiboWang,NaiboWang/Federated-Learning-PyTorch,2020-10-05T05:57:49Z,1,1,Jupyter Notebook,TRUE,TRUE,mit
NaiboWang,NaiboWang/HFL-CS6203-NaiboShiqi,2020-11-20T07:32:54Z,4,4,Python,TRUE,TRUE,mit
NaiboWang,NaiboWang/High-resolution-ground-to-ground-observation-service-grid-system,2019-11-11T09:13:00Z,1,1,JavaScript,TRUE,TRUE,No License
NaiboWang,NaiboWang/International-student-information-management-system,2019-11-11T12:40:31Z,0,0,C#,TRUE,TRUE,No License
NaiboWang,NaiboWang/Lafee,2019-11-11T09:10:27Z,4,4,Python,TRUE,TRUE,No License
NaiboWang,NaiboWang/model-search,2022-05-06T16:57:31Z,0,0,Jupyter Notebook,TRUE,TRUE,No License
NaiboWang,NaiboWang/model-search-papers,2022-05-27T08:12:35Z,1,1,,TRUE,TRUE,No License
NaiboWang,NaiboWang/modeldb,2021-03-08T11:48:41Z,0,0,Java,TRUE,TRUE,apache-2.0
NaiboWang,NaiboWang/ModelMarket_demo,2021-04-08T14:49:56Z,0,0,JavaScript,TRUE,TRUE,No License
NaiboWang,NaiboWang/modelmarket_frontend,2021-04-23T05:12:11Z,0,0,Vue,TRUE,TRUE,No License
NaiboWang,NaiboWang/NaiboWang,2023-08-03T16:29:17Z,3,3,,TRUE,TRUE,No License
NaiboWang,NaiboWang/Network-class-learning-system-in-Central-University-of-Finance-and-Economics,2019-11-11T12:23:58Z,1,1,CSS,TRUE,TRUE,No License
NaiboWang,NaiboWang/NUS_literature_quick_access,2022-10-28T14:26:39Z,20,20,JavaScript,TRUE,TRUE,No License
NaiboWang,NaiboWang/Parallel-design-of-convolution-neural-network-based-on-CUDA,2019-11-11T10:31:55Z,1,1,Cuda,TRUE,TRUE,No License
NaiboWang,NaiboWang/Parallel-design-of-convolution-neural-network-based-on-OpenCL,2019-11-11T10:43:49Z,3,3,C++,TRUE,TRUE,No License
NaiboWang,NaiboWang/pytorch-cifar,2022-10-05T19:08:49Z,0,0,,TRUE,TRUE,mit
NaiboWang,NaiboWang/pytorch-cifar100,2022-11-12T23:42:53Z,2,2,,TRUE,TRUE,No License
NaiboWang,NaiboWang/RainMeter-ExchangeRate,2021-02-28T08:59:27Z,0,0,Python,TRUE,TRUE,No License
zer0yu,zer0yu/AFL,2019-08-13T03:30:31Z,0,0,C,TRUE,TRUE,apache-2.0
zer0yu,zer0yu/AggressorScripts,2020-07-25T06:08:44Z,7,7,PowerShell,TRUE,TRUE,No License
zer0yu,zer0yu/anew,2023-11-14T13:46:10Z,12,12,Rust,TRUE,TRUE,mit
zer0yu,zer0yu/ant_php_extension,2019-04-02T08:47:50Z,0,0,C,TRUE,TRUE,No License
zer0yu,zer0yu/Arsenal,2020-09-24T14:11:13Z,0,0,,TRUE,TRUE,No License
zer0yu,zer0yu/awesome-burp-extensions,2021-05-29T13:13:38Z,3,3,,TRUE,TRUE,cc0-1.0
zer0yu,zer0yu/Awesome-CobaltStrike,2020-08-15T09:10:13Z,4001,4001,,TRUE,TRUE,No License
zer0yu,zer0yu/Berserker,2019-08-04T04:15:09Z,290,290,Python,TRUE,TRUE,No License
zer0yu,zer0yu/BiliBiliTool,2020-12-14T07:11:03Z,0,0,,TRUE,TRUE,mit
zer0yu,zer0yu/bk_spider,2017-01-04T09:27:40Z,1,1,Python,TRUE,TRUE,No License
zer0yu,zer0yu/blazehttp,2023-06-01T07:08:53Z,0,0,Go,TRUE,TRUE,gpl-3.0
zer0yu,zer0yu/bounty-targets-data,2021-05-11T02:29:52Z,1,1,,TRUE,FALSE,mit
zer0yu,zer0yu/BugBounty,2020-09-28T01:54:07Z,59,59,BlitzBasic,TRUE,TRUE,No License
zer0yu,zer0yu/BurpBounty,2020-11-04T12:34:59Z,2,2,,TRUE,TRUE,apache-2.0
zer0yu,zer0yu/Caesar,2021-01-24T16:45:13Z,28,28,,TRUE,TRUE,No License
zer0yu,zer0yu/ccdetection,2019-12-03T07:52:53Z,0,0,,TRUE,TRUE,No License
zer0yu,zer0yu/checkdomain,2019-06-19T13:29:20Z,2,2,Python,TRUE,TRUE,No License
zer0yu,zer0yu/chromium_for_spider,2019-08-14T02:18:01Z,2,2,HTML,TRUE,TRUE,No License
zer0yu,zer0yu/Cobra-RE,2018-04-11T07:17:23Z,16,16,Python,TRUE,TRUE,mit
zer0yu,zer0yu/codeql-javascript-unsafe-jquery-plugin,2021-02-28T13:03:44Z,0,0,CodeQL,TRUE,TRUE,No License
zer0yu,zer0yu/crawlergo,2021-09-22T13:43:45Z,8,8,Go,TRUE,TRUE,gpl-3.0
zer0yu,zer0yu/CrossC2,2020-10-28T06:57:16Z,2,2,,TRUE,TRUE,No License
zer0yu,zer0yu/CTFENV,2019-09-12T02:51:19Z,2,2,,TRUE,TRUE,No License
zer0yu,zer0yu/CTF_web,2016-10-21T04:44:00Z,3,3,CSS,TRUE,TRUE,No License
zer0yu,zer0yu/CVE-2021-41277,2021-12-06T08:52:32Z,9,9,Go,TRUE,TRUE,No License
zer0yu,zer0yu/CVE-2021-43798,2021-12-07T08:59:11Z,27,27,Go,TRUE,TRUE,No License
zer0yu,zer0yu/CVE-2022-22965,2022-04-01T12:37:32Z,10,10,Go,TRUE,TRUE,No License
zer0yu,zer0yu/CVE_Request,2019-07-15T03:26:27Z,14,14,Go,TRUE,TRUE,No License
zer0yu,zer0yu/CyberSecurityRSS,2017-12-05T11:11:40Z,1757,1757,,TRUE,TRUE,No License
zer0yu,zer0yu/dfimage,2023-11-02T08:54:01Z,16,16,Go,TRUE,TRUE,mit
fmzquant,fmzquant/AtomFMZ,2016-04-22T05:57:19Z,8,8,JavaScript,TRUE,TRUE,No License
fmzquant,fmzquant/backtest_javascript,2019-10-10T01:51:47Z,20,20,,TRUE,TRUE,No License
fmzquant,fmzquant/backtest_python,2018-04-12T09:39:05Z,250,250,Python,TRUE,TRUE,No License
fmzquant,fmzquant/docker,2017-01-31T08:05:25Z,2,2,Dockerfile,TRUE,TRUE,No License
fmzquant,fmzquant/fixc,2020-11-11T08:32:35Z,2,2,Go,TRUE,TRUE,apache-2.0
fmzquant,fmzquant/fmz_extend_api_demo,2018-04-14T03:18:43Z,347,347,HTML,TRUE,TRUE,No License
fmzquant,fmzquant/strategies,2016-04-03T16:12:40Z,4091,4091,,TRUE,TRUE,No License
fmzquant,fmzquant/SublimeFMZ,2016-04-20T17:22:01Z,16,16,Python,TRUE,TRUE,No License
fmzquant,fmzquant/VimFMZ,2016-04-21T08:55:55Z,1,1,Vim Script,TRUE,TRUE,No License
cheeaun,cheeaun/.github,2021-01-28T01:13:25Z,2,2,,FALSE,FALSE,No License
cheeaun,cheeaun/2017-conferences,2017-03-04T08:28:04Z,1,1,JavaScript,TRUE,TRUE,No License
cheeaun,cheeaun/2019-iosconfapp,2019-10-21T06:37:17Z,2,2,,TRUE,TRUE,No License
cheeaun,cheeaun/3d-earth,2017-09-04T00:49:47Z,76,76,HTML,TRUE,TRUE,No License
cheeaun,cheeaun/3d-touch-canvas,2015-10-20T16:26:12Z,62,62,HTML,TRUE,TRUE,No License
cheeaun,cheeaun/aimp-mobile-web-ctl,2010-12-19T14:58:04Z,11,11,JavaScript,TRUE,TRUE,No License
cheeaun,cheeaun/alba-ewaste-sg-dropoff-locations,2021-08-02T11:08:23Z,5,5,TypeScript,TRUE,TRUE,No License
cheeaun,cheeaun/ama,2015-07-08T02:46:10Z,11,11,,TRUE,FALSE,No License
cheeaun,cheeaun/amas,2015-07-09T15:20:45Z,0,0,,TRUE,FALSE,No License
cheeaun,cheeaun/arrivelah,2015-04-30T10:43:08Z,90,90,JavaScript,FALSE,FALSE,No License
cheeaun,cheeaun/awesome-electron,2015-05-11T17:00:04Z,0,0,,TRUE,FALSE,No License
cheeaun,cheeaun/awesome-hacker-news,2015-03-29T14:17:45Z,885,885,,FALSE,FALSE,No License
cheeaun,cheeaun/awesome-mapbox-external-developer-resources,2022-08-28T01:27:01Z,1,1,,TRUE,TRUE,cc0-1.0
cheeaun,cheeaun/awesome-mapboxgl-demos,2022-10-14T15:58:19Z,2,2,,TRUE,TRUE,cc0-1.0
cheeaun,cheeaun/awesome-react-native,2016-04-28T08:42:08Z,0,0,Ruby,TRUE,TRUE,No License
cheeaun,cheeaun/barcampkl-hub,2009-03-01T15:44:54Z,3,3,JavaScript,TRUE,TRUE,No License
cheeaun,cheeaun/bgcolorful,2013-11-04T12:39:06Z,5,5,,TRUE,TRUE,No License
cheeaun,cheeaun/bliss,2015-12-05T02:56:30Z,0,0,HTML,TRUE,TRUE,No License
cheeaun,cheeaun/bootstrap,2011-09-18T00:32:04Z,1,1,JavaScript,TRUE,TRUE,other
cheeaun,cheeaun/branding,2015-02-01T14:57:42Z,5,5,,TRUE,TRUE,No License
cheeaun,cheeaun/branding-1,2021-08-10T11:37:09Z,0,0,,TRUE,FALSE,No License
cheeaun,cheeaun/bubble-wrap,2021-03-02T16:14:34Z,3,3,JavaScript,FALSE,FALSE,No License
cheeaun,cheeaun/busrouter-sg,2012-01-20T01:19:53Z,336,336,JavaScript,TRUE,FALSE,No License
cheeaun,cheeaun/ca-generator,2019-02-24T10:24:14Z,5,5,HTML,FALSE,FALSE,No License
cheeaun,cheeaun/ca-iot,2021-01-29T00:38:01Z,1,1,JavaScript,TRUE,TRUE,No License
cheeaun,cheeaun/cacss,2009-03-17T15:20:17Z,9,9,JavaScript,TRUE,TRUE,No License
cheeaun,cheeaun/cheap-ruler,2020-08-10T11:18:50Z,0,0,,TRUE,FALSE,isc
cheeaun,cheeaun/checkweather-sg,2018-04-10T02:51:04Z,39,39,JavaScript,FALSE,FALSE,No License
cheeaun,cheeaun/checkweather-sg-checker,2020-04-24T13:56:16Z,2,2,JavaScript,FALSE,FALSE,No License
cheeaun,cheeaun/checkweather-sg-native,2020-04-24T13:57:16Z,6,6,JavaScript,FALSE,FALSE,No License
fossasia,fossasia/2010.fossasia.org,2013-12-01T04:55:56Z,1530,1530,HTML,FALSE,FALSE,No License
fossasia,fossasia/2011.fossasia.org,2015-01-04T20:37:41Z,1534,1534,HTML,FALSE,FALSE,No License
fossasia,fossasia/2012.fossasia.org,2015-01-04T20:39:20Z,1563,1563,CSS,FALSE,FALSE,No License
fossasia,fossasia/2013.fossasia.org,2016-08-13T12:56:04Z,1480,1480,HTML,TRUE,FALSE,No License
fossasia,fossasia/2014.fossasia.org,2013-12-03T07:17:19Z,1537,1537,HTML,FALSE,FALSE,No License
fossasia,fossasia/2015.fossasia.org,2014-07-03T21:45:14Z,1541,1541,CSS,TRUE,FALSE,No License
fossasia,fossasia/2016.codeheat.org,2017-08-21T22:11:27Z,1450,1450,CSS,TRUE,TRUE,No License
fossasia,fossasia/2016.fossasia.org,2015-06-17T05:34:54Z,1562,1562,CSS,TRUE,FALSE,No License
fossasia,fossasia/2017.codeheat.org,2017-08-30T11:16:51Z,1456,1456,CSS,TRUE,TRUE,No License
fossasia,fossasia/2017.fossasia.org,2016-03-23T06:19:14Z,1576,1576,HTML,FALSE,TRUE,No License
fossasia,fossasia/2018.codeheat.org,2016-07-29T16:53:36Z,1484,1484,CSS,FALSE,FALSE,No License
fossasia,fossasia/2018.fossasia.org,2015-05-03T07:37:27Z,1576,1576,HTML,FALSE,TRUE,No License
fossasia,fossasia/2019.codeheat.org,2019-09-20T07:36:42Z,685,685,Less,FALSE,FALSE,No License
fossasia,fossasia/2019.fossasia.org,2017-12-13T22:51:09Z,1438,1438,HTML,FALSE,TRUE,No License
fossasia,fossasia/2020.codeheat.org,2021-11-11T13:02:51Z,123,123,Less,TRUE,TRUE,No License
fossasia,fossasia/2020.fossasia.org,2016-06-29T18:25:52Z,1494,1494,HTML,FALSE,FALSE,No License
fossasia,fossasia/2021.codeheat.org,2019-01-02T14:50:27Z,857,857,Less,FALSE,FALSE,No License
fossasia,fossasia/2021.fossasia.org,2016-06-27T18:24:05Z,1505,1505,HTML,FALSE,FALSE,No License
fossasia,fossasia/2022.fossasia.org,2022-01-08T16:43:55Z,99,99,HTML,TRUE,FALSE,No License
fossasia,fossasia/2023.fossasia.org,2015-01-24T14:25:33Z,1530,1530,HTML,TRUE,FALSE,No License
fossasia,fossasia/2024.fossasia.org,2024-09-05T12:37:03Z,1,1,HTML,TRUE,TRUE,No License
fossasia,fossasia/accounts.susi.ai,2017-06-06T07:35:51Z,1503,1503,JavaScript,FALSE,FALSE,lgpl-2.1
fossasia,fossasia/api.fossasia.net,2014-11-23T22:13:07Z,1533,1533,JavaScript,FALSE,FALSE,No License
fossasia,fossasia/asksusi,2017-04-17T16:31:08Z,1483,1483,CSS,FALSE,FALSE,No License
fossasia,fossasia/AYABInterface,2016-07-17T13:33:59Z,1489,1489,Python,TRUE,TRUE,lgpl-3.0
fossasia,fossasia/badgemagic-android,2014-10-30T15:21:39Z,1839,1839,Dart,TRUE,FALSE,apache-2.0
fossasia,fossasia/badgemagic-app,2016-06-30T15:27:34Z,1510,1510,TypeScript,FALSE,FALSE,apache-2.0
fossasia,fossasia/badgemagic-case,2024-08-27T02:01:31Z,2,2,,TRUE,FALSE,apache-2.0
fossasia,fossasia/badgemagic-firmware,2016-06-18T10:19:19Z,1504,1504,C,TRUE,FALSE,apache-2.0
fossasia,fossasia/badgemagic-hardware,2016-07-05T20:54:06Z,1489,1489,,TRUE,FALSE,apache-2.0
mithi,mithi/advanced-lane-detection,2017-03-17T16:55:03Z,80,80,Jupyter Notebook,TRUE,TRUE,mit
mithi,mithi/algorithm-playground,2017-12-12T19:08:19Z,79,79,Jupyter Notebook,TRUE,TRUE,mit
mithi,mithi/arduino-basic,2015-11-29T15:55:44Z,30,30,C++,TRUE,TRUE,mit
mithi,mithi/arm-ik,2017-07-02T22:54:06Z,65,65,Jupyter Notebook,TRUE,TRUE,mit
mithi,mithi/bare-minimum-2d,2020-08-07T16:43:06Z,23,23,JavaScript,TRUE,TRUE,mit
mithi,mithi/bare-minimum-3d,2020-08-24T08:24:04Z,33,33,TypeScript,TRUE,TRUE,apache-2.0
mithi,mithi/beginning-japanese,2024-08-06T08:26:18Z,10,10,,TRUE,TRUE,mit
mithi,mithi/bossy,2020-03-27T13:28:11Z,10,10,C++,TRUE,TRUE,No License
mithi,mithi/carla-driver,2017-08-24T00:03:12Z,0,0,Python,TRUE,TRUE,No License
mithi,mithi/cpp-resources,2017-05-08T01:41:37Z,132,132,C++,TRUE,TRUE,unlicense
mithi,mithi/crypto,2017-12-18T16:14:18Z,24,24,Jupyter Notebook,TRUE,TRUE,mit
mithi,mithi/deep-blueberry,2019-06-15T13:30:15Z,25,25,,TRUE,TRUE,No License
mithi,mithi/epic-react-exercises,2020-12-10T02:23:51Z,161,161,JavaScript,TRUE,TRUE,apache-2.0
mithi,mithi/fusion-ekf,2017-04-12T23:50:12Z,136,136,C++,TRUE,TRUE,mit
mithi,mithi/fusion-ekf-python,2017-04-12T18:32:16Z,64,64,Jupyter Notebook,TRUE,TRUE,mit
mithi,mithi/fusion-ukf,2017-04-18T03:44:21Z,281,281,C++,TRUE,TRUE,mit
mithi,mithi/hanbaiki,2018-07-09T14:00:18Z,0,0,Rust,TRUE,TRUE,mit
mithi,mithi/hello-3d-world,2020-08-28T08:09:20Z,57,57,TypeScript,TRUE,TRUE,mit
mithi,mithi/hello-tiny-box,2020-08-12T16:43:00Z,20,20,JavaScript,TRUE,TRUE,mit
mithi,mithi/hellobot-raspberry,2016-12-21T09:50:38Z,18,18,C++,TRUE,TRUE,mit
mithi,mithi/hexapod,2020-05-20T12:45:28Z,585,585,JavaScript,TRUE,TRUE,apache-2.0
mithi,mithi/hexapod-irl,2020-12-31T17:00:17Z,72,72,JavaScript,TRUE,TRUE,apache-2.0
mithi,mithi/hexapod-kinematics-library,2020-12-28T22:06:13Z,42,42,JavaScript,TRUE,TRUE,apache-2.0
mithi,mithi/hexapod-robot-simulator,2020-02-14T10:37:49Z,773,773,Python,TRUE,TRUE,mit
mithi,mithi/hexy,2016-02-01T23:10:21Z,85,85,Python,TRUE,TRUE,mit
mithi,mithi/highway-path-planning,2017-07-26T13:02:41Z,40,40,C++,TRUE,TRUE,mit
mithi,mithi/hotels,2024-04-27T15:57:15Z,3,3,TypeScript,TRUE,TRUE,No License
mithi,mithi/hunts,2024-03-11T14:34:20Z,0,0,TypeScript,TRUE,TRUE,No License
mithi,mithi/kingdom-rush-graphql,2020-10-09T04:46:04Z,11,11,TypeScript,TRUE,TRUE,apache-2.0
mithi,mithi/mithi,2020-08-06T15:59:24Z,5,5,,TRUE,TRUE,No License
liuziwei7,liuziwei7/aerial-recognition,2017-11-12T00:42:43Z,91,91,Python,TRUE,TRUE,No License
liuziwei7,liuziwei7/centerline-detection,2017-05-15T15:19:05Z,4,4,Matlab,TRUE,TRUE,No License
liuziwei7,liuziwei7/fashion-cut,2018-07-31T15:45:33Z,46,46,C++,TRUE,TRUE,No License
liuziwei7,liuziwei7/fashion-detection,2017-05-05T14:04:40Z,483,483,MATLAB,TRUE,TRUE,No License
liuziwei7,liuziwei7/fashion-landmarks,2017-02-18T13:31:04Z,347,347,MATLAB,TRUE,TRUE,No License
liuziwei7,liuziwei7/liuziwei7.github.io,2017-02-01T15:51:27Z,14,14,HTML,TRUE,TRUE,No License
liuziwei7,liuziwei7/mobile-id,2017-06-25T09:05:26Z,195,195,Matlab,TRUE,TRUE,No License
liuziwei7,liuziwei7/nih-funding-visualization,2017-06-02T08:04:38Z,2,2,Matlab,TRUE,TRUE,No License
liuziwei7,liuziwei7/nlp-toolkit,2017-03-29T14:35:33Z,6,6,Matlab,TRUE,TRUE,No License
liuziwei7,liuziwei7/region-conv,2018-05-26T16:11:09Z,108,108,Cuda,TRUE,TRUE,No License
liuziwei7,liuziwei7/voxel-flow,2018-02-05T01:15:50Z,215,215,Python,TRUE,TRUE,No License
